"layer","sublayer","layer_area_km2","established_MPAs","proposed_MPAs","top_30","top_10","CAZ_NA"
"Verneplan - oppstart","Borgenfjorden",95.88317496204,1,0,0.429077148180997,0.429077148180997,0.570922851819003
"Verneplan - oppstart","Framvaren",82.0176449169159,1,0,0,0,1
"Verneplan - oppstart","Gaulosen",41.8908911108551,1,0,0,0,1
"Verneplan - oppstart","Jærkysten",371.608594111359,1,0,0.78262195592581,0.739270152033096,0.21737804407419
"Verneplan - oppstart","Kaldvågfjorden og Innhavet",326.220347390015,1,0,0.393104416992562,0.393104416992562,0.606895583007438
"Verneplan - oppstart","Karlsøyvær",380.381705298576,1,0,0.874737048237813,0.468717195992956,0.125262951762187
"Verneplan - oppstart","Lopphavet",4997.43679598246,1,0,0.74995910474207,0.425010071482992,0.25004089525793
"Verneplan - oppstart","Nordfjorden i Rødøy",98.8575563130951,1,0,0,0,1
"Verneplan - oppstart","Rossfjordstraumen",98.8886884219284,1,0,0.110655492764249,0.110655492764249,0.889344507235751
"Verneplan - oppstart","Rystraumen",97.8997692248917,1,0,0,0,1
"Verneplan - oppstart","Rødberg",27.7824211877594,1,0,1,1,0
"Verneplan - oppstart","Saltstraumen",144.466524298397,1,0,0.583146248000908,0.583146248000908,0.416853751999092
"Verneplan - oppstart","Skarnsundet",150.649310916191,1,0,0.636144113397958,0.636144113397958,0.363855886602042
"Verneplan - oppstart","Tautraryggen",193.703484501358,1,0,0.714392699305264,0.499750349071572,0.285607300694736
"Verneplan - oppstart","Transekt Skagerrak",1125.15572436136,1,0,0.927777142187251,0.390952767792508,0.0722228578127489
"Verneplan - oppstart","Vistenfjorden",153.788129184162,1,0,0.249559470526228,0,0.750440529473772
"Verneplan - oppstart","Ytre Karlsøy",823.855170406572,1,0,0.781762153613805,0.333580766646555,0.218237846386194
"Verneplan - ikke oppstart","Borgan - Frelsøy",302.789001925037,0,1,0.73903193178109,0.565484535613012,0.26096806821891
"Verneplan - ikke oppstart","Dalsfjorden",59.5827339034577,0,1,0,0,1
"Verneplan - ikke oppstart","Froan - Sularevet",4175.06095494706,0,1,0.996730805595872,0.481943694924335,0.00326919440412856
"Verneplan - ikke oppstart","Giske",172.081948031994,0,1,0.833101462011968,0.833101462011968,0.166898537988032
"Verneplan - ikke oppstart","Grandefjæra mm",399.60444808802,0,1,0.655644532034164,0.586664421458172,0.344355467965836
"Verneplan - ikke oppstart","Griphølen",937.443796419895,0,1,0.955390920287917,0.612101540036441,0.0446090797120826
"Verneplan - ikke oppstart","Indre Porsangerfjord",789.290044374829,0,1,0.57314170465327,0.559890223287583,0.42685829534673
"Verneplan - ikke oppstart","Iverryggen",893.734998925606,0,1,0.736184830882581,0,0
"Verneplan - ikke oppstart","Korsfjorden",757.69307701667,0,1,0.857323569639828,0.571384556377621,0.142676430360172
"Verneplan - ikke oppstart","Lurefjorden og Lindåspollene",273.689570046276,0,1,0.444110382867138,0.444110382867138,0.555889617132862
"Verneplan - ikke oppstart","Remman",124.779238202675,0,1,1,0.44491790828336,0
"Verneplan - ikke oppstart","Røstrevet",596.895511820198,0,1,0.939607498848239,0.499476973412852,0
"Verneplan - ikke oppstart","Sognefjorden",2699.75332700074,0,1,0.0278409985886768,0.0278409985886768,0.972159001411324
"Verneplan - ikke oppstart","Stad",232.199341251366,0,1,0.687230245131062,0.374871552489813,0.312769754868938
"Verneplan - ikke oppstart","Transekt fra Andfjorden",3468.06809562919,0,1,0.777435521678014,0.290697421970596,0.0573859325191154
"Verneplan - ikke oppstart","Transekt fra Tanafjorden",1991.34503176129,0,1,0.616380467488582,0.479138969291207,0.383619532511419
"Verneplan - ikke oppstart","Tysfjorden",930.457047891575,0,1,0.22443487134263,0.124871938378485,0.77556512865737
"Verneplan - ikke oppstart","Ytre Hardangerfjord",171.696518238811,0,1,0.727556473188228,0.727556473188228,0.272443526811772
"Verneplan - ikke oppstart","Østfold",1197.86367518264,0,1,0.653680317626584,0.653680317626584,0.346319682373416
"Marine naturtyper HB19","andreViktigeMarineNaturtyper",102.20506272723,0,1,0.404669536652771,0.404669536652771,0.595330463347229
"Marine naturtyper HB19","bløtbunnsområderIStrandsonen",2709.38575319909,0.189983215753876,0.780466156180821,0.542694772412891,0.537576620367207,0.45730522758711
"Marine naturtyper HB19","fjorderMedNaturligLavtOksygeninnholdIBunnvannet",393.766231868679,0.88537348468322,0.11462651531678,0.147014407973132,0.120452297084347,0.852985592026868
"Marine naturtyper HB19","litoralbasseng",63.1123071965446,0.257442771055496,0.742557228944504,0.50977562515877,0.50977562515877,0.49022437484123
"Marine naturtyper HB19","poller",182.183489616802,0.485017755025862,0.514982244974139,0.432117194542811,0.432117194542811,0.567882805457189
"Marine naturtyper HB19","skjellsandforekomster",6970.24822265724,0.303177330836902,0.565428994625194,0.908008770037144,0.673333652378172,0.0919912299628578
"Marine naturtyper HB19","spesieltDypeFjordområder",179.497467272598,0.856770468803373,0,0.213815184557078,0,0.786184815442922
"Marine naturtyper HB19","sterkeTidevannsstrømmer",279.769832186707,0.579522113440177,0.420477886559823,0.179122524489936,0.0920287638716799,0.820877475510064
"Marine naturtyper HB19","størreKamskjellforekomster",1686.64165027411,0.0942577778860799,0.416236827580135,0.661488310007271,0.64615749066133,0.338511689992729
"Marine naturtyper HB19","størreTareskogforekomster",7439.94427888615,0.291900855593611,0.506019190530286,0.786026532917329,0.671284131222943,0.213973467082671
"Marine naturtyper HB19","ålegrasengerOgAndreUndervannsenger",1466.25392470446,0.274169754024235,0.716323364906144,0.381976363506634,0.381976363506634,0.618023636493365
"Stromrike","B08",50.8389455063477,0,0,0.399899226082018,0.399899226082018,0.600100773917982
"Stromrike","G08",649.005410304928,0.0742630002887654,0,0.556669448991141,0.538488782860484,0.44333055100886
"Wave Exposed Coastline","B06",15444.3346191271,0.220784829662706,0.0482803899450932,0.823622886388287,0.537221018481905,0.150280431000439
"Wave Exposed Coastline","G06",24937.9499351815,0.0419286275153766,0.0521655651735711,0.772553455982378,0.414882095902426,0.0981772176703331
"Wave Exposed Coastline","H06",27508.4235015024,0,0.113136260424965,0.828309452339859,0.547415294318259,0.0720911766655904
"Wave Exposed Coastline","M06",5036.75615533689,0,0.0873285160067018,0.866681418129336,0.69931751327283,0.133318581870664
"Wave Exposed Coastline","N06",4887.11683115623,0.072802991001215,0.0221873557692077,0.819520832220965,0.696551677424928,0.180479167779033
"Wave Exposed Coastline","S06",3420.86980582666,0.0713246285785564,0.0936267210900268,0.876693607837708,0.857400955220547,0.123306392162291
"Maritime grenser - territorialgrense","(all)",37314.6057639309,0.005249088162476,0.022056552848251,0.466544835343754,0.122140459574815,0
"Maritime grenser - grunnlinje","(all)",31617.3265643743,0.0465182362747895,0.0559301534470942,0.754082713028499,0.413932343946217,0.0595398397679655
"Fjords - Ryfylke","Bogsfjorden",31.7117493946838,0,0,0,0,1
"Fjords - Ryfylke","Botnefjorden",64.024672118103,0,0,0,0,1
"Fjords - Ryfylke","Brimsefjord",127.67984734451301,0,0,0.624909514472358,0.624909514472358,0.375090485527642
"Fjords - Ryfylke","Erfjorden",95.1352354751091,0,0,0,0,1
"Fjords - Ryfylke","Frafjord",80.3882835098572,0,0,0,0,1
"Fjords - Ryfylke","Gansfjord",64.209215399147,0,0,0.249820469185371,0.249820469185371,0.750179530814629
"Fjords - Ryfylke","Garsundfjord",79.4877388916473,0,0,0.600174703482792,0.600174703482792,0.399825296517208
"Fjords - Ryfylke","Gjelsafjorden",79.3256882224884,0,0,0.399766457818058,0.399766457818058,0.600233542181942
"Fjords - Ryfylke","Herøy",79.5571473277054,0,0,1,1,0
"Fjords - Ryfylke","Hjelmelandsfjorden",127.05537571019,0,0,0.374931664267683,0.374931664267683,0.625068335732317
"Fjords - Ryfylke","Horvefjord",191.935480621887,0,0,0.833573927606598,0.833573927606598,0.166426072393402
"Fjords - Ryfylke","Hyllsfjord",173.278197749493,0,0,0,0,1
"Fjords - Ryfylke","Høgsfjord",224.663011571671,0,0,0.142593195831313,0.142593195831313,0.857406804168687
"Fjords - Ryfylke","Idsefjord",128.049344236206,0,0,0.5,0.5,0.5
"Fjords - Ryfylke","Jøsenfjorden",190.432585216812,0,0,0,0,1
"Fjords - Ryfylke","Kalvikhavet",110.736201270725,0,0,0.142976772174103,0.142976772174103,0.857023227825897
"Fjords - Ryfylke","Krossfjorden",126.452954028854,0,0,0.499908284301604,0.499908284301604,0.50009171569839606
"Fjords - Ryfylke","Lysefjorden_Indre",288.0648117482,0,0,0,0,1
"Fjords - Ryfylke","Lysefjorden_Ytre",32.081552634079,0,0,0,0,1
"Fjords - Ryfylke","Nedstrandsfjorden",317.30270203661,0,0,0.65005840956729,0.65005840956729,0.34994159043271
"Fjords - Ryfylke","Nordafjorden",15.8095218522987,0,0,0,0,1
"Fjords - Ryfylke","Riskafjord",80.1577457562103,0,0,0.599769774818132,0.599769774818132,0.400230225181868
"Fjords - Ryfylke","Sandsfjorden-Indre",110.50425955978,0,0,0,0,1
"Fjords - Ryfylke","Sandsfjorden-Ytre",79.2098632562141,0,0,0.600234012037182,0.600234012037182,0.399765987962818
"Fjords - Ryfylke","Saudafjorden",94.3929061156998,0,0,0,0,1
"Fjords - Ryfylke","Skreddarsund",64.209215399147,0,0,0,0,1
"Fjords - Ryfylke","Stavangerfjord_ytre",144.182417874313,0,0,0.777493309468252,0.777493309468252,0.222506690531748
"Fjords - Ryfylke","Strandafjord",143.466479471039,0,0,0.666505579446289,0.666505579446289,0.333494420553711
"Fjords - Ryfylke","Tyssefjorden",15.8327046205101,0,0,0,0,1
"Fjords - Ryfylke","Vatlandsvåg",31.6422264728088,0,0,0.500366326437732,0.500366326437732,0.499633673562268
"Fjords - Ryfylke","Vindafjorden",142.146524018772,0,0,0.333170153528929,0.333170153528929,0.666829846471071
"Fjords - Ryfylke","Årdalsfjord-indre",95.6212090309639,0,0,0,0,1
"Fjords - Ryfylke","Årdalsfjord-ytre",47.8452832191238,0,0,0.666666666666667,0.666666666666667,0.333333333333333
"Fjords - Ryfylke","Økstrafjorden",63.377158635704,0,0,0.250182795168879,0.250182795168879,0.749817204831121
"Fjords - Ryfylke","Ølesundet",79.5571473277054,0,0,0.599941848348967,0.599941848348967,0.400058151651032
"Fjords - Nordvestlandet","Aspevågen",28.7441602835236,0,0,0.5,0.5,0.5
"Fjords - Nordvestlandet","Austefjorden-indre",29.126279667717,0,0,0,0,1
"Fjords - Nordvestlandet","Austefjorden-ytre",43.6894195015755,0,0,0,0,1
"Fjords - Nordvestlandet","Averøyfjorden",84.5768098361092,0,0,0.333048848136708,0.333048848136708,0.666951151863292
"Fjords - Nordvestlandet","Batenfjorden",99.0697212569962,0,0,0.285541005692595,0.285541005692595,0.714458994307405
"Fjords - Nordvestlandet","Bergsøyfjorden",141.322125984634,0,0,0.599829921817628,0.599829921817628,0.400170078182372
"Fjords - Nordvestlandet","Bjørkevika",29.0785964141922,0,0,0,0,1
"Fjords - Nordvestlandet","Bjørnøysundet",71.6928343954391,0,0,0.800200407472451,0.800200407472451,0.199799592527549
"Fjords - Nordvestlandet","Borgundfjorden",86.3042503535957,0,0,0.166528068813276,0.166528068813276,0.833471931186724
"Fjords - Nordvestlandet","Bottnavik",72.2907392239876,0,0,0.200132179208767,0.200132179208767,0.799867820791233
"Fjords - Nordvestlandet","Breisundet",158.23642056543,0,0.0908266256934131,0.727368936691018,0.727368936691018,0.272631063308982
"Fjords - Nordvestlandet","Bremnesfjorden",98.6127699765625,0,0,0.714599469235466,0.714599469235466,0.285400530764534
"Fjords - Nordvestlandet","Bøfjorden",42.3485456722641,0,0,0,0,1
"Fjords - Nordvestlandet","Dalasund",28.1200646879501,0,0,0.5,0.5,0.5
"Fjords - Nordvestlandet","Dalsfjorden",116.528925131378,0,0,0,0,1
"Fjords - Nordvestlandet","Dromnessundet",83.5887302168045,0,0,0.332948274540079,0.332948274540079,0.667051725459921
"Fjords - Nordvestlandet","Eggebønesstraumen",28.8876296914597,0,0,0,0,1
"Fjords - Nordvestlandet","Eidssundet",28.7920066188736,0,0,0.5,0.5,0.5
"Fjords - Nordvestlandet","Ekkilsøyvik",28.1682090949936,0,0,0,0,1
"Fjords - Nordvestlandet","Ellingsøyfjorden_1",129.276917047302,0,0,0.555308697947893,0.555308697947893,0.444691302052107
"Fjords - Nordvestlandet","Ellingsøyfjorden_2",86.2085461077194,0,0,0.49986118114774,0.49986118114774,0.500138818852259
"Fjords - Nordvestlandet","Eresfjorden",85.5137347859306,0,0,0,0,1
"Fjords - Nordvestlandet","Fannefjord-indre",71.1414935144615,0,0,0,0,1
"Fjords - Nordvestlandet","Fannefjord-midtre",142.378956396553,0,0,0.200202212539112,0.200202212539112,0.799797787460889
"Fjords - Nordvestlandet","Fannefjord-ytre",71.261455223999,0,0,0.8,0.8,0.2
"Fjords - Nordvestlandet","Fjørtoftfjorden",71.213470540184,0,0,1,1,0
"Fjords - Nordvestlandet","Flatevågen",28.6004825230103,0,0,0.5,0.5,0.5
"Fjords - Nordvestlandet","Follfjord",55.9992035045395,0,0,0.249784763444074,0.249784763444074,0.750215236555927
"Fjords - Nordvestlandet","Freifjorden",239.814659976788,0,0,0.764782564273407,0.764782564273407,0.235217435726593
"Fjords - Nordvestlandet","Frænfjorden",85.1777388751678,0,0,0,0,1
"Fjords - Nordvestlandet","Geirangerfjorden",189.153926452824,0,0,0,0,1
"Fjords - Nordvestlandet","Gjerdsvika",28.9354063550186,0,0,0.5,0.5,0.5
"Fjords - Nordvestlandet","Grunnefjorden",185.015833428234,0,0,0.615095325863484,0.615095325863484,0.384904674136516
"Fjords - Nordvestlandet","Grytafjorden",172.225614272629,0,0.0833101711351586,0.666620342270317,0.666620342270317,0.333379657729683
"Fjords - Nordvestlandet","Gursken-indre",43.4747395817642,0,0,0.333333333333333,0.333333333333333,0.666666666666667
"Fjords - Nordvestlandet","Gursken-ytre",28.9831597211761,0,0,0.5,0.5,0.5
"Fjords - Nordvestlandet","Haddalsbukta",28.9354063550186,0,0,0.5,0.5,0.5
"Fjords - Nordvestlandet","Halsafjorden",381.304927305424,0,0,0.184682900713702,0.184682900713702,0.815317099286298
"Fjords - Nordvestlandet","Hamnesfjord-indre",70.5889259466553,0,0,0,0,1
"Fjords - Nordvestlandet","Hamnesfjord-ytre",14.1322148765182,0,0,0,0,1
"Fjords - Nordvestlandet","Haramsfjorden",100.077707953053,0,0,0.714456758154875,0.714456758154875,0.285543241845125
"Fjords - Nordvestlandet","Harrøyfjorden",527.574083262562,0,0,0.864653630327326,0.810624095909477,0.135346369672674
"Fjords - Nordvestlandet","Haugsfjorden",115.956480566509,0,0,0.749845592109654,0.749845592109654,0.250154407890346
"Fjords - Nordvestlandet","Heissafjorden",86.3042503535957,0,0,0.333056137626552,0.333056137626552,0.666943862373448
"Fjords - Nordvestlandet","Herøyfjorden",101.178368915447,0,0,0.714251985546437,0.714251985546437,0.285748014453563
"Fjords - Nordvestlandet","HitraNV",636.529897598808,0,0.0217474069065428,0.891111144909938,0.435023723965031,0.108888855090062
"Fjords - Nordvestlandet","Hjørundfjorden",246.1416876926,0,0,0.176042641589907,0.176042641589907,0.823957358410093
"Fjords - Nordvestlandet","Holmefjorden",57.7274594585876,0,0,0.24979299312329,0.24979299312329,0.75020700687671
"Fjords - Nordvestlandet","Hølen",29.126279667717,0,0,0,0,1
"Fjords - Nordvestlandet","Imarsund",70.1074594672813,0,0,0,0,1
"Fjords - Nordvestlandet","Isfjorden",57.2967963974152,0,0,0,0,1
"Fjords - Nordvestlandet","Karihavet",42.3244961936188,0,0,0.333333333333333,0.333333333333333,0.666666666666667
"Fjords - Nordvestlandet","Karlsøyfjorden",128.366542839355,0,0,0.666728938497807,0.666728938497807,0.333271061502193
"Fjords - Nordvestlandet","Kjødepollen",29.1739394770737,0,0,0,0,1
"Fjords - Nordvestlandet","Kornstadfjorden",84.8413654358521,0,0,0.166572223395008,0.166572223395008,0.833427776604992
"Fjords - Nordvestlandet","Korsnesfjorden",168.575886899208,0,0,0.0832619009994298,0.0832619009994298,0.91673809900057
"Fjords - Nordvestlandet","Kristiansund-havn",28.1200646879501,0,0,0.5,0.5,0.5
"Fjords - Nordvestlandet","Kristiansund-ytre",1138.13853927597,0,0.43076484433605,0.925625093960223,0.555929471844348,0.0743749060397769
"Fjords - Nordvestlandet","Kværnesfjorden",141.538468742805,0,0,0.0998471652409805,0.0998471652409805,0.90015283475902
"Fjords - Nordvestlandet","Landmel",725.498431450141,0,0,0.921255436956864,0.784237985640836,0.0787445630431367
"Fjords - Nordvestlandet","Langfjorden",299.274062184547,0,0,0,0,1
"Fjords - Nordvestlandet","Langøysund",56.3845398907394,0,0,0.499573272205063,0.499573272205063,0.500426727794937
"Fjords - Nordvestlandet","Lauvøyfjorden",98.8293062210464,0,0,0.571254754575158,0.571254754575158,0.428745245424842
"Fjords - Nordvestlandet","Lauvøysvaet",111.684903011925,0,0.125027017920176,0.750378049241938,0.750378049241938,0.249621950758062
"Fjords - Nordvestlandet","Leikongbukta",115.83713215239,0,0,0.500206122878175,0.500206122878175,0.499793877121825
"Fjords - Nordvestlandet","Longvafjorden",85.7055701383667,0,0,0.500279670943526,0.500279670943526,0.499720329056474
"Fjords - Nordvestlandet","Malmefjorden",42.6128846897736,0,0,0,0,1
"Fjords - Nordvestlandet","Mauseidvågen",28.7920066188736,0,0,0,0,1
"Fjords - Nordvestlandet","Midtfjorden",257.140668271393,0,0,0.666697768139353,0.611178460361979,0.333302231860647
"Fjords - Nordvestlandet","Midtsund",85.5856888459167,0,0,0.666386469599112,0.499859901466222,0.333613530400888
"Fjords - Nordvestlandet","Moldefjorden",171.171377691833,0,0,0.916736715933556,0.666666666666667,0.0832632840664446
"Fjords - Nordvestlandet","Nekstadfjorden",14.1081653978729,0,0,0,0,1
"Fjords - Nordvestlandet","Nogvafjorden",57.0811067563171,0,0,0.499789940486423,0.499789940486423,0.500210059513577
"Fjords - Nordvestlandet","Nordalsfjorden",115.693848756515,0,0,0,0,1
"Fjords - Nordvestlandet","Nordangsfjorden-indre",58.0140494743271,0,0,0,0,1
"Fjords - Nordvestlandet","Nordangsfjorden-ytre",72.5056293349152,0,0,0,0,1
"Fjords - Nordvestlandet","Omsund-vest",84.4324106744156,0,0,0.166524113568103,0.166524113568103,0.833475886431897
"Fjords - Nordvestlandet","Omsund-øst",28.1200646879501,0,0,0.5,0.5,0.5
"Fjords - Nordvestlandet","Romsdalsfjorden_1",214.95874861195,0,0,0.13316248138629,0.0666369672872085,0.86683751861371
"Fjords - Nordvestlandet","Romsdalsfjorden_2",342.91811194175,0,0,0.583123649985663,0.541422028626175,0.416876350014337
"Fjords - Nordvestlandet","Rovdefjorden",318.934035344509,0,0,0.499887722265095,0.499887722265095,0.500112277734905
"Fjords - Nordvestlandet","Rundefjorden",201.830950385757,0,0,0.642535625956985,0.642535625956985,0.357464374043015
"Fjords - Nordvestlandet","Rødvenfjorden-indre",42.924681622364,0,0,0,0,1
"Fjords - Nordvestlandet","Rødvenfjorden-ytre",28.6004825230103,0,0,0,0,1
"Fjords - Nordvestlandet","Røyresund",115.646072092957,0,0,0.124896717928473,0.124896717928473,0.875103282071527
"Fjords - Nordvestlandet","Samfjorden",71.5970261206284,0,0,0.599866087308709,0.599866087308709,0.400133912691291
"Fjords - Nordvestlandet","Skodjevika",71.8125312231064,0,0,0,0,1
"Fjords - Nordvestlandet","Smøla-indrevest",571.494687089359,0,0.562097328663722,0.853778885135903,0.805123013138492,0.146221114864097
"Fjords - Nordvestlandet","Solheimssund-indre",28.0478027577248,0,0,1,1,0
"Fjords - Nordvestlandet","Solheimssund-ytre",28.0237079036636,0,0,0.5,0.5,0.5
"Fjords - Nordvestlandet","Stangvikfjorden",113.370157116676,0,0,0,0,1
"Fjords - Nordvestlandet","Statt-nordøst",592.434663769821,0,0.22031067186162,0.902155878009508,0.707274039924157,0.0978441219904919
"Fjords - Nordvestlandet","Stavsthfjorden",129.2290475616,0,0,0.222057589522529,0.222057589522529,0.777942410477471
"Fjords - Nordvestlandet","Steinsfjorden",57.8230360464783,0,0,0.249793435856946,0.249793435856946,0.750206564143054
"Fjords - Nordvestlandet","Storfjorden",533.010610361732,0,0,0.21620537932569,0.189151668567892,0.78379462067431
"Fjords - Nordvestlandet","Sulafjorden",201.87876192205,0,0,0.57154703308151,0.428689857356093,0.42845296691849
"Fjords - Nordvestlandet","Sunndalsfjorden_1",71.3094169420776,0,0,0,0,1
"Fjords - Nordvestlandet","Sunndalsfjorden_2",298.482074445385,0,0,0,0,1
"Fjords - Nordvestlandet","Sunnylvsfjorden-indre",58.2048760819092,0,0,0,0,1
"Fjords - Nordvestlandet","Sunnylvsfjorden-midtre",87.1403642350273,0,0,0,0,1
"Fjords - Nordvestlandet","Sunnylvsfjorden-ytre",43.4269862156067,0,0,0,0,1
"Fjords - Nordvestlandet","Sunsfjorden",14.1081653978729,0,0,0,0,1
"Fjords - Nordvestlandet","Surnadalsfjorden",70.6610743825913,0,0,0,0,1
"Fjords - Nordvestlandet","Svegjevika",70.3723783304405,0,0.199794758647417,0.599726344863222,0.599726344863222,0.400273655136778
"Fjords - Nordvestlandet","Sykkylvsfjorden-indre",28.8637297292938,0,0,0,0,1
"Fjords - Nordvestlandet","Sykkylvsfjorden-ytre",57.6318363860016,0,0,0.499585097827405,0.499585097827405,0.500414902172595
"Fjords - Nordvestlandet","Sykkylvsfjorden_midtre",14.419914883564,0,0,0,0,1
"Fjords - Nordvestlandet","Syltefjorden-indre",43.7132494062538,0,0,0,0,1
"Fjords - Nordvestlandet","Syltefjorden-ytre",29.126279667717,0,0,0,0,1
"Fjords - Nordvestlandet","Syvvsfjorden-indre",58.2048760819092,0,0,0.249795192186915,0.249795192186915,0.750204807813085
"Fjords - Nordvestlandet","Syvvsfjorden-ytre",43.570187960247,0,0,1,1,0
"Fjords - Nordvestlandet","Talgsjøen",182.708147188309,0,0.0768216908873076,0.615364350584747,0.615364350584747,0.384635649415253
"Fjords - Nordvestlandet","Tingvollfjorden",98.9976184007416,0,0,0.285506158730226,0.285506158730226,0.714493841269774
"Fjords - Nordvestlandet","Tingvollvågen",42.4927855741806,0,0,0,0,1
"Fjords - Nordvestlandet","Todalsfjorden",70.9734439785767,0,0,0,0,1
"Fjords - Nordvestlandet","Tomrefjorden-indre",14.3241990993538,0,0,0,0,1
"Fjords - Nordvestlandet","Tomrefjorden-ytre",71.549121983223,0,0,0.399732124311974,0.399732124311974,0.600267875688026
"Fjords - Nordvestlandet","Tresfjord-indre",85.9451715195389,0,0,0.332775908376751,0.332775908376751,0.667224091623249
"Fjords - Nordvestlandet","Tresfjord-ytre",28.6004825230103,0,0,1,1,0
"Fjords - Nordvestlandet","Tørlevågen",14.3960033094368,0,0,0,0,1
"Fjords - Nordvestlandet","Ullsteinvik-indre",28.8876296914597,0,0,0,0,1
"Fjords - Nordvestlandet","Ullsteinvik-ytre",28.8876296914597,0,0,0.5,0.5,0.5
"Fjords - Nordvestlandet","Valderhaugfjorden",86.1846113648682,0,0.499722285191379,0.5,0.5,0.5
"Fjords - Nordvestlandet","Vannylvsfjorden",189.225427888943,0,0,0.307595425896301,0.230759567368719,0.692404574103699
"Fjords - Nordvestlandet","Vannylvsgapey",188.700736653614,0,0.307439443550344,0.768977895561741,0.691928391331214,0.231022104438259
"Fjords - Nordvestlandet","Vartdalsfjorden",144.629231814133,0,0,0.399966950000107,0.399966950000107,0.600033049999893
"Fjords - Nordvestlandet","Vatnefjord-indre",14.3241990993538,0,0,0,0,1
"Fjords - Nordvestlandet","Vatnefjord-midtre",57.2488807217178,0,0,0.499581514301299,0.499581514301299,0.500418485698701
"Fjords - Nordvestlandet","Vatnefjord-ytre",28.6004825230103,0,0,1,1,0
"Fjords - Nordvestlandet","Vestrefjorden-indre",28.6004825230103,0,0,0.5,0.5,0.5
"Fjords - Nordvestlandet","Vestrefjorden-ytre",14.3002412615051,0,0,0,0,1
"Fjords - Nordvestlandet","Veøyfjorden",57.1050876153564,0,0,0.5,0.5,0.5
"Fjords - Nordvestlandet","Vigrafjorden",157.566155478016,0,0.272879308803197,0.727272740586952,0.727272740586952,0.272727259413048
"Fjords - Nordvestlandet","Vinjefjord",154.299057448578,0,0,0,0,1
"Fjords - Nordvestlandet","Voldsfjorden",247.024844240234,0,0,0.176089999091139,0.176089999091139,0.823910000908861
"Fjords - Nordvestlandet","Ålesund-ytre",774.679415286556,0,0.222133110337442,0.944374014809088,0.870226647019031,0.0556259851909117
"Fjords - Nordvestlandet","Ålvundfjorden",113.490256232269,0,0,0,0,1
"Fjords - Nordvestlandet","Åndalsnesfjorden",57.4404510813446,0,0,0,0,1
"Fjords - Nordvestlandet","Årsundfjorden",126.540268426655,0,0,0.555365331965663,0.555365331965663,0.444634668034337
"Fjords - Nordvestlandet","Åsefjorden",86.3042503535957,0,0,0.499861402146609,0.499861402146609,0.500138597853391
"Fjords - Nordvestlandet","Åsskardfjorden",42.3244961936188,0,0,0,0,1
"Fjords - Nordvestlandet","Ørstafjorden",101.512654072079,0,0,0,0,1
"Fjords - Nordland","Aanfjord",45.1361589157257,0,0,0,0,1
"Fjords - Nordland","Aldersund",99.6016147398567,0,0,0.374906678728368,0.374906678728368,0.625093321271632
"Fjords - Nordland","Alstadpollen",23.0466644698563,0,0,0,0,1
"Fjords - Nordland","Alstfjord",227.981522733139,0,0,0.666666711588808,0.555302877818779,0.333333288411192
"Fjords - Nordland","Alsøvågen",25.0923309155197,0,0,0,0,1
"Fjords - Nordland","Andfjord",1738.11895532716,0,0.476152484018551,0.866276185954524,0.376469644192074,0.133723814045475
"Fjords - Nordland","Andfjord Ytre",809.318872634606,0,0.33892634573866,0.851334820259942,0.283026234653872,0.148665179740057
"Fjords - Nordland","Ballangen",80.3866481462784,0,0,0,0,1
"Fjords - Nordland","Beiarn",121.290409959854,0,0,0.0999589261268639,0.0999589261268639,0.900041073873136
"Fjords - Nordland","Belgkjosen",70.4203126720047,0,0,0.333333333333333,0.333333333333333,0.666666666666667
"Fjords - Nordland","Bindalsfjord",222.325125824371,0,0,0,0,1
"Fjords - Nordland","Bjævangsfjord",73.6402023086014,0,0,0.166666666666667,0.166666666666667,0.833333333333333
"Fjords - Nordland","Bjørndalsfjord",33.8142705920219,0,0,0,0,1
"Fjords - Nordland","Borgpollen 1",34.5699967047844,0,0,0.333333333333333,0.333333333333333,0.666666666666667
"Fjords - Nordland","Borgpollen 2",69.2154126646385,0,0,0.166485061510228,0.166485061510228,0.833514938489772
"Fjords - Nordland","Borgvær",103.559095480556,0,0,0.66642381879786206,0.444363495154843,0.333576181202138
"Fjords - Nordland","Botnfjord",157.794591809578,0,0,0.160272432188245,0.160272432188245,0.839727567811755
"Fjords - Nordland","Brennvika",81.0905795055695,0.143034165247866,0,0.570897504256403,0.570897504256403,0.429102495743596
"Fjords - Nordland","Bressfjord",57.8177510670624,0,1,0.199739211115684,0,0.800260788884316
"Fjords - Nordland","Buksnesfjord",92.8902330765534,0,0,0.62513516798385,0.62513516798385,0.374864832016149
"Fjords - Nordland","Bunesfjorden",23.3480594858932,0,0,0,0,1
"Fjords - Nordland","Børøyfjord",123.682723679211,0,0,0.454025883047966,0.454025883047966,0.545974116952034
"Fjords - Nordland","Dalsvågen",25.1912677508011,0,0,0.5,0.5,0.5
"Fjords - Nordland","Djupfjord",34.2677887156677,0,0,0.331130008699436,0,0.668869991300564
"Fjords - Nordland","Djupfjorden",23.3982259103622,0,0,0,0,1
"Fjords - Nordland","Dypingspollen",46.7964518207245,0,0,0.75,0.75,0.25
"Fjords - Nordland","Eidekjosen",71.3215914342842,0,0,0.333683952541495,0.333683952541495,0.666316047458505
"Fjords - Nordland","Eidsfjord",294.343459964642,0,0,0.231303083297941,0.231303083297941,0.768696916702059
"Fjords - Nordland","Eidspollen",33.8899677815666,0,0,0,0,1
"Fjords - Nordland","Eiet",48.9442889102325,0,0,0.750254062657131,0.750254062657131,0.249745937342869
"Fjords - Nordland","Elsfjord",62.928711136364,0,0,0,0,1
"Fjords - Nordland","Elvefjord",48.2968439971008,0,0,0,0,1
"Fjords - Nordland","Erikstadfjord",45.7410736464081,0,0,0.250275212694175,0,0.749724787305825
"Fjords - Nordland","Fauskevika",60.1964641680031,0,0,0,0,1
"Fjords - Nordland","Finneidfjord",50.2094011283608,0,0,0,0,1
"Fjords - Nordland","Finstadpollen",23.1974466980896,0,0,0,0,1
"Fjords - Nordland","Fjellvika",84.4446607267647,0.428065154369278,0,0.142688384789759,0.142688384789759,0.857311615210241
"Fjords - Nordland","Flaget",39.2641482335129,0,0,0,0,1
"Fjords - Nordland","Flagsund",93.6681248006516,0,0,0,0,1
"Fjords - Nordland","Fleinvær",338.700828306656,0,0,0.928408447126104,0.322014639513368,0.0715915528738956
"Fjords - Nordland","Floholmene",993.272522873939,0,0,0.659109305191144,0.304292436832224,0
"Fjords - Nordland","Flovær",523.358118877365,0,0,0.926526019123068,0.48766017829305,0.0734739808769315
"Fjords - Nordland","Folla",248.887640749245,0.143029477798577,0,0.666834277812501,0.571615309448315,0.333165722187499
"Fjords - Nordland","Forsfjorden",35.0722556533089,0,0,0,0,1
"Fjords - Nordland","Fuglefjord",34.7459280782623,0,1,0.333092336418247,0.333092336418247,0.666907663581753
"Fjords - Nordland","Fugløyfjord Nord",437.138306775196,0,0,0.693888961985471,0.416481626599323,0.306111038014529
"Fjords - Nordland","Fugløyvær",412.367220688202,0,0,0.706411830346016,0.265274492770015,0
"Fjords - Nordland","Gavlfjord",470.293627279656,0,0,0.666344305891093,0.357138903235522,0.333655694108907
"Fjords - Nordland","Gavlfjord Ytre",787.028140332714,0,0.280101688635263,0.802774362318619,0.478967433381002,0.197225637681381
"Fjords - Nordland","Gimsøstraumen",80.5878783275986,0,0,0.428348521016926,0.428348521016926,0.571651478983074
"Fjords - Nordland","Gisløyflaket",33.5870144730721,0,0,0.666666666666667,0,0.333333333333333
"Fjords - Nordland","Gladstadosen",25.6354696121216,0,0,0,0,1
"Fjords - Nordland","Glimmen",23.2476698401871,0,0,0.5,0.5,0.5
"Fjords - Nordland","Glomfjord",306.48613757687,0,0,0.319795596081083,0.319795596081083,0.680204403918917
"Fjords - Nordland","Godfjord",90.1713699353943,0,0,0.374720147478266,0.374720147478266,0.625279852521733
"Fjords - Nordland","Gravfjord",38.9696999450683,0,0,0,0,1
"Fjords - Nordland","Grunnfjord",105.091331953327,0,1,0,0,1
"Fjords - Nordland","Grunnfærfjord",45.8417632506256,0,0,0.249725493173705,0.249725493173705,0.750274506826295
"Fjords - Nordland","Gullesfjord Ytre",180.695910787972,0,0,0.499720796112477,0.437482630732207,0.500279203887523
"Fjords - Nordland","Hadselfjorden",353.599266707134,0,0,0.70954878505552,0.645154444636428,0.290451214944481
"Fjords - Nordland","Halsfjord",63.7189586789436,0,0,0,0,1
"Fjords - Nordland","Hamnesleia",63.5709527826347,0,0,0.800310556244905,0.800310556244905,0.199689443755095
"Fjords - Nordland","Hamsundspollen",23.1974466980896,0.5,0,0,0,1
"Fjords - Nordland","Harangsfjord",104.213795698471,0,0,0,0,1
"Fjords - Nordland","Harmfjord",129.383016102341,0,0,0.400075989521734,0.400075989521734,0.599924010478266
"Fjords - Nordland","Haukøyfjord",173.528616154495,0,1,0.467014201686431,0.266782511673255,0.532985798313569
"Fjords - Nordland","Hellemofjord",222.408362847549,0,1,0.209843803607852,0.209843803607852,0.790156196392148
"Fjords - Nordland","Hellfjord Indre",45.2370701519623,0,0,0,0,1
"Fjords - Nordland","Hellfjord Ytre",22.6437582975845,0,0,0,0,1
"Fjords - Nordland","Herjangsfjord",125.422783348873,0,0,0,0,1
"Fjords - Nordland","Higravsfjorden",57.3147879402237,0,0,0.199736531305921,0.199736531305921,0.800263468694079
"Fjords - Nordland","Holandsfjord",135.404587170925,0,0,0.0908257044482492,0.0908257044482492,0.909174295551751
"Fjords - Nordland","Holmsundfjord",97.2166275048561,0,0,0.12471178480727001,0.12471178480727001,0.87528821519273
"Fjords - Nordland","Holmåkfjord",46.9218109071655,0,0,0,0,1
"Fjords - Nordland","Hongfjord",79.1270379335289,0,0,0.142766066090818,0.142766066090818,0.857233933909182
"Fjords - Nordland","Hopen",34.6956767158356,0,0,0.667149539085163,0.667149539085163,0.332850460914837
"Fjords - Nordland","Hopspollen",11.548471986618,0,0,0,0,1
"Fjords - Nordland","Horsfjordbotn",39.2886591868858,0,0,0,0,1
"Fjords - Nordland","Husværfjord",456.802341869705,0,0,0.86126722318684,0.444420434164313,0.13873277681316
"Fjords - Nordland","Husøy",81.6680228307304,1,0,0.857362323046036,0.857362323046036,0.142637676953964
"Fjords - Nordland","Indre Beisfjord",80.2608373194199,0,0,0,0,1
"Fjords - Nordland","Indre Efjord",138.60675672261,0,0.0834995539775212,0,0,1
"Fjords - Nordland","Indre Ranafjord",288.066765738647,0,0,0,0,1
"Fjords - Nordland","Indre Sjona",200.09506011351,0,0,0,0,1
"Fjords - Nordland","Indre Skjomen",138.20447404464,0,0,0,0,1
"Fjords - Nordland","Indre Sundan",36.1478167296639,1,0,0.333333333333333,0.333333333333333,0.666666666666667
"Fjords - Nordland","Indre Sundlandsfjord",22.9963662585907,0,0,0.5,0.5,0.5
"Fjords - Nordland","Indre Sørfjord",74.5586918583069,0,0,0.166611251952452,0,0.833388748047548
"Fjords - Nordland","Indre Tysfjord",127.736626265785,0,1,0,0,1
"Fjords - Nordland","Indre Visten",89.8226487963409,1,0,0.14270047674861,0,0.85729952325139
"Fjords - Nordland","Indre Værangsfjord",49.3915481336365,0,0,0.5,0.25,0.5
"Fjords - Nordland","Indrefjord",91.3058801318016,0,0,0.125103442089387,0,0.874896557910613
"Fjords - Nordland","Ingelsfjord",68.5360793249359,0,0,0.5,0.333333333333333,0.5
"Fjords - Nordland","Innhavet",128.188474101967,1,0,0.18194277577868,0.18194277577868,0.81805722422132
"Fjords - Nordland","Jørgenfjord Indre",45.2370701519623,0,0,0.500557578585851,0.500557578585851,0.499442421414149
"Fjords - Nordland","Jørgenfjord Ytre",79.3287961217575,0,0,0.714558150323751,0.714558150323751,0.285441849676249
"Fjords - Nordland","Kaldvågfjord",151.360875340267,1,0,0.307513707565099,0.307513707565099,0.692486292434901
"Fjords - Nordland","Kanstadfjord",114.554063324455,0,0,0.700197707436429,0.10015379949555,0.299802292563571
"Fjords - Nordland","Karlsøybotnen",34.946811173996,1,0,0,0,1
"Fjords - Nordland","Karlsøyfjord",357.382846893909,0.599328616669045,0,0.766368209517358,0.532876362518029,0.233631790482642
"Fjords - Nordland","Kilpollen",23.2476698401871,0,0,0,0,1
"Fjords - Nordland","Kirkefjord",11.6740297429466,0,0,0,0,1
"Fjords - Nordland","Kisten",24.6957740668182,0,0,0,0,1
"Fjords - Nordland","Kjellfjord",117.767902005032,0,0,0.332986361289418,0.332986361289418,0.667013638710582
"Fjords - Nordland","Kjevik",23.2476698401871,0,1,0,0,1
"Fjords - Nordland","Klungsetvika",84.2451116063423,0,0,0,0,1
"Fjords - Nordland","Kobbvika",23.1974466980896,0.5,0,0,0,1
"Fjords - Nordland","Kolvik",34.8715047602806,0,0,1,1,0
"Fjords - Nordland","Kvarøfjorden",198.707441824688,0,0,0.624906439532642,0.312203632364112,0.375093560467358
"Fjords - Nordland","Kvæfjord",381.233587470162,0,0,0.823202085098526,0.52979768502836,0.176797914901473
"Fjords - Nordland","Kværva",88.045791526207,0,0,0.857223104737046,0.857223104737046,0.142776895262955
"Fjords - Nordland","Kåkersund",46.6459336018906,0,0,0.5,0.249731030306284,0.5
"Fjords - Nordland","Landegodefjord",431.6524262533,0,0,0.861064536144582,0.638790913062032,0.138935463855418
"Fjords - Nordland","Langfjorden",51.8121969620209,0,0,0,0,1
"Fjords - Nordland","Langøya Ytre",505.496647533764,0,0,0.799770201907662,0.488851120857859,0.200229798092337
"Fjords - Nordland","Langøysund",136.366756602081,0,0,0.583394943686164,0.583394943686164,0.416605056313836
"Fjords - Nordland","Leinesfjord",129.642586756321,0,0,0,0,1
"Fjords - Nordland","Leirfjord",331.425505703659,0,0,0.15261422298672,0.15261422298672,0.847385777013279
"Fjords - Nordland","Leirosen",23.0969439732361,0,0,0.5,0,0.5
"Fjords - Nordland","Leirviken",100.468280851364,0,0,0,0,1
"Fjords - Nordland","Lifjord",33.7132952509575,0,0,0,0,1
"Fjords - Nordland","Lilandsfjord",35.1725600247459,0,0,0,0,1
"Fjords - Nordland","Lilandspollen",34.8463931892319,1,0,0.667147090774692,0.667147090774692,0.332852909225308
"Fjords - Nordland","Lille Sjona",137.983050265213,0,0,0.545911046294593,0.545911046294593,0.454088953705408
"Fjords - Nordland","Limstrandpollen",23.0466644698563,0,0,0.5,0.5,0.5
"Fjords - Nordland","Lisøråsa",497.722618328811,0,0,0.820324883769246,0.410013852025253,0.179675116230754
"Fjords - Nordland","Litjebørja",38.7485326450424,0,0,0.666666666666667,0.666666666666667,0.333333333333333
"Fjords - Nordland","Lonkanfjord Indre",68.460520356823,0,0,0.166850614455648,0,0.833149385544352
"Fjords - Nordland","Lonkanfjord Ytre",34.192480694355,0,0,0.666666666666667,0.333333333333333,0.333333333333333
"Fjords - Nordland","Lyngvær",92.2872168861847,0,0,0.375136203867329,0.375136203867329,0.624863796132671
"Fjords - Nordland","Lyngværfjord",143.183495643539,0,0,0.272509105136434,0.272509105136434,0.727490894863566
"Fjords - Nordland","Malnesfjorden Indre",45.1361589157257,0,0,0,0,1
"Fjords - Nordland","Malnesfjorden Ytre",56.3066345503426,0,0,0.399462055190151,0.399462055190151,0.600537944809849
"Fjords - Nordland","Mannfjord",81.6178374608345,0,1,0,0,1
"Fjords - Nordland","Mardalsfjord",51.9104725952148,0,0,0,0,1
"Fjords - Nordland","Meisfjord",63.1511814136848,0,0,0.200234757682554,0.200234757682554,0.799765242317446
"Fjords - Nordland","Melfjord",306.4376892178,0.121127793519118,0,0.161665649901574,0.0809137875554949,0.838334350098426
"Fjords - Nordland","Meløyfjord",171.851948908386,0,0,0.642764160272094,0.428075579314311,0.357235839727905
"Fjords - Nordland","Meløyvær",330.982963164097,0,0,0.888905696588379,0.740429268485493,0.111094303411621
"Fjords - Nordland","Mesøfjord",146.70848785508,0,0,0.66706227781485,0.583743054161336,0.33293772218515
"Fjords - Nordland","Midtre Ranafjord",263.518892242558,0,0,0.143111994530285,0.143111994530285,0.856888005469715
"Fjords - Nordland","Mindværfjord",115.039295293133,0.222198416821176,0,0.666809499072944,0.110992084105881,0.333190500927057
"Fjords - Nordland","Mistfjord",143.243112423225,0.0832461130844068,0,0,0,1
"Fjords - Nordland","Misværfjord",108.667869630718,0,0,0,0,1
"Fjords - Nordland","Molla",127.133703991062,0,0,1,0.636255790158488,0
"Fjords - Nordland","Mordalsfjord",85.0178502183609,0,0,0.428111115822103,0.428111115822103,0.571888884177897
"Fjords - Nordland","Morfjorden Indre",45.8417632506256,0,0,0,0,1
"Fjords - Nordland","Morfjorden Ytre",22.8957138714294,0,0,0,0,1
"Fjords - Nordland","Møklandsfjord",78.8494724566917,0,0,0.428205623157966,0.428205623157966,0.571794376842034
"Fjords - Nordland","Mørsvikfjord",70.846175195221,0,0,0,0,1
"Fjords - Nordland","Napstrømmen",92.8148795366326,0,0,0.37543972866418,0.37543972866418,0.62456027133582
"Fjords - Nordland","Nervatnet",48.1721404488335,0,0,0,0,1
"Fjords - Nordland","Nevelsfjord Indre",35.7732970060387,0,0,0,0,1
"Fjords - Nordland","Nevelsfjord Ytre",59.5221733980293,0,0,0.399832015074394,0.399832015074394,0.600167984925606
"Fjords - Nordland","Nordfjord",232.318994881458,0.425525068940392,0,0,0,1
"Fjords - Nordland","Nordfjrord",96.8180192890015,0,0,0.500128690720561,0.500128690720561,0.499871309279439
"Fjords - Nordland","Nordfolla",401.27784520657,0,0,0.61792965165275,0.61792965165275,0.38207034834725
"Fjords - Nordland","Nordlandsflaket Indre",82.6455163055344,0,0,1,0.857229391149034,0
"Fjords - Nordland","Nordlandsflaket Ytre",141.567134342823,0,0,0.916475061185536,0.916475061185536,0.0835249388144635
"Fjords - Nordland","Nusfjord",23.2978741159973,0,0,0.5,0.5,0.5
"Fjords - Nordland","Offersjøpollen",34.7208070938263,0,0,0.333333333333333,0.333333333333333,0.666666666666667
"Fjords - Nordland","Ofotfjorden",755.533204116447,0,0,0.0455560045293382,0.0151853348431127,0.954443995470662
"Fjords - Nordland","Okfjorden",64.4087014424057,0,0,0.399923595755159,0.399923595755159,0.600076404244841
"Fjords - Nordland","Olderfjord",57.6669406780205,0,0,0.199825621048078,0.199825621048078,0.800174378951922
"Fjords - Nordland","Olderfjorden Indre",22.5933118543777,0,0,0,0,1
"Fjords - Nordland","Olderfjorden Ytre",33.91519100317,0,0,0,0,1
"Fjords - Nordland","Osan",39.3131701402588,0,0,0,0,1
"Fjords - Nordland","Presteidvika",150.858719423954,0.154102261566034,0,0.384256783888596,0.307538630580641,0.615743216111404
"Fjords - Nordland","Prestfjord",67.2498083509827,0,0,0.667042278169989,0.667042278169989,0.332957721830011
"Fjords - Nordland","Raftsundet",218.163438407749,0,0,0.262945334411542,0.262945334411542,0.737054665588458
"Fjords - Nordland","Rambergfjord",81.4672529922752,0,0,0.285670267785989,0.285670267785989,0.714329732214011
"Fjords - Nordland","Reinefjorden",93.492570792511,0,0,0.12513414548355,0.12513414548355,0.87486585451645
"Fjords - Nordland","Reinfjord",25.9306726318359,0,0,0,0,1
"Fjords - Nordland","Reinvikfjord",82.4952742769661,0,0,0.285454061729724,0.285454061729724,0.714545938270276
"Fjords - Nordland","Risværfjord",481.592094243652,0,0,0.845955564627884,0.563918776701598,0.154044435372116
"Fjords - Nordland","Risøysund Indre",89.5400848413696,0,0,0.24978839505222,0.24978839505222,0.75021160494778
"Fjords - Nordland","Risøysund Ytre (Risøyrevnen",89.312664811142,0,0,0.625353784816627,0.625353784816627,0.374646215183373
"Fjords - Nordland","Roksøyfjorden",33.7637874889946,0,0,0.333084135860825,0.333084135860825,0.666915864139175
"Fjords - Nordland","Rombaksfjord",114.327507067795,0,0,0,0,1
"Fjords - Nordland","Romsbakbotnen",57.2392846785736,0,0,0,0,1
"Fjords - Nordland","Romsetfjord",56.2056500742683,0,0,0.599371140088581,0.599371140088581,0.400628859911419
"Fjords - Nordland","Rødøfjord",184.994765404167,0,0,0.600187918924398,0.133494393803661,0.399812081075602
"Fjords - Nordland","Røingen",156.590609855225,0,0,0.250274161825498,0.250274161825498,0.749725838174502
"Fjords - Nordland","Røssåen",50.3330772609634,0,0,0,0,1
"Fjords - Nordland","Røst Indre",274.436758734932,0,0,0.956640519584463,0.826015709404762,0.0433594804155371
"Fjords - Nordland","Røst Ytre",202.615264723743,0,0,0.941270785881335,0.88254157176267,0.0587292141186653
"Fjords - Nordland","Røsthavet Indre",201.84023040559,0,0,0.941169168693991,0.647262942574789,0
"Fjords - Nordland","Røsthavet Ytre",260.962190428398,0,0,0.954401688435644,0.636747114380252,0.0455983115643555
"Fjords - Nordland","Sagfjord",328.225763888805,0.355441382761609,0,0.57082901551981,0.57082901551981,0.42917098448019
"Fjords - Nordland","Saltdalsfjord",181.162954373859,0,0,0,0,1
"Fjords - Nordland","Saltfjord",699.056997229874,0.189422683100091,0,0.724216751857973,0.448183626008457,0.258546782029866
"Fjords - Nordland","Sandnessjøen",37.9351845232086,0,0,0.666666666666667,0.666666666666667,0.333333333333333
"Fjords - Nordland","Sigerfjord",56.7102518509102,0,0,0,0,1
"Fjords - Nordland","Silavågen",24.9933128193054,0,0,0,0,1
"Fjords - Nordland","Sildpollen",23.0969439732361,0,1,0,0,1
"Fjords - Nordland","Simlebotn",26.2251207290878,0,0,0,0,1
"Fjords - Nordland","Sjunkfjord",83.4710070077629,0,0,0.142557705869825,0.142557705869825,0.857442294130175
"Fjords - Nordland","Skagafjord",75.771534213089,0,0,0.5,0.5,0.5
"Fjords - Nordland","Skagapollen",25.2407055988083,0,0,0,0,1
"Fjords - Nordland","Skagstadsundet",116.840630278404,0,0,0.399871192689522,0.299957064229841,0.600128807310478
"Fjords - Nordland","Skarsfjord",172.0010884673,0,0,0.214213476475734,0.214213476475734,0.785786523524266
"Fjords - Nordland","Skifjorden",127.334728208023,0,0,0.454850413606699,0.454850413606699,0.545149586393301
"Fjords - Nordland","Skipåsvær",592.810138888512,0,0,0.893596599809132,0.765820825648998,0.0851977831974558
"Fjords - Nordland","Skitenfjord",140.389326984673,0.166309362594511,0,0.499464094603422,0.416309413306167,0.500535905396578
"Fjords - Nordland","Skjelfjord Indre",46.5455439561844,0,0,0,0,1
"Fjords - Nordland","Skjelfjord Ytre",46.6459336018906,0,0,0.500537939387431,0,0.499462060612569
"Fjords - Nordland","Skjerfjord",22.542847061348,0,0,0,0,1
"Fjords - Nordland","Skjærstadfjord",288.933048596794,0.16681057846084,0,0.12510793384563,0.12510793384563,0.87489206615437
"Fjords - Nordland","Sklinna",1330.34378051731,0,0,0.98030538409739,0.470919181380975,0.0196946159026103
"Fjords - Nordland","Skotnesfjord",117.473622511028,0,0,0,0,1
"Fjords - Nordland","Skotsfjord",93.8686860218353,0,0,0.249799739866138,0.249799739866138,0.750200260133862
"Fjords - Nordland","Skrovkjosen",69.2154126646385,0,0.500544815469317,0.166848271823106,0.166848271823106,0.833151728176894
"Fjords - Nordland","Slåttnesbogen",11.3218791487923,0,0,0,0,1
"Fjords - Nordland","Sortlandsundet N",146.578943226795,0,0,0.691897142126585,0.691897142126585,0.308102857873415
"Fjords - Nordland","Sortlandsundet S",238.314097014591,0,0,0.523859874290049,0.285683990443202,0.476140125709951
"Fjords - Nordland","Stavfjord",82.6705614293442,0,0,0,0,1
"Fjords - Nordland","Stavsund",36.446905390892,0,0,1,1,0
"Fjords - Nordland","Stefjord",69.3913534316711,0,1,0,0,1
"Fjords - Nordland","Steinlandsfjord",56.1804085227547,0,0,0.199730325707619,0.199730325707619,0.800269674292381
"Fjords - Nordland","Steinsfjorden",46.1687481947823,0,0,0,0,1
"Fjords - Nordland","Steiropollen",34.5699967047844,0,0,0,0,1
"Fjords - Nordland","Stifjord",251.096433409618,0,0,0.699911347681346,0.449788181251075,0.300088652318654
"Fjords - Nordland","Stigfjord",186.805662017773,0,0,0.666843479592719,0.400583628452422,0.333156520407281
"Fjords - Nordland","Stokkefjord",76.5367348106346,0.166827748404057,0,0.500161081737391,0.333333333333333,0.499838918262609
"Fjords - Nordland","Storbørja",77.5462345235748,0,0,0.166560989423939,0.166560989423939,0.833439010576061
"Fjords - Nordland","Stordjupet",69.5169771409607,0,0,0.166485984296193,0,0.833514015703807
"Fjords - Nordland","Storfjorden",64.4087014424057,0,0,0.399923595755159,0.399923595755159,0.600076404244841
"Fjords - Nordland","Storfjordpollen",46.3446514273071,0,0,0,0,1
"Fjords - Nordland","Storvik",23.9487948910904,0,0,0,0,1
"Fjords - Nordland","Storviken",60.9191190045814,0,0,0.19983657266979,0.19983657266979,0.80016342733021
"Fjords - Nordland","Straumfjord",68.6352960623245,0,0,0.164589600035103,0.164589600035103,0.835410399964897
"Fjords - Nordland","Straumfjordvatnet",35.1474863050118,0,0,0,0,1
"Fjords - Nordland","Støtfjord",171.130882740929,0,0,0.714140379634416,0.571283203703508,0.285859620365584
"Fjords - Nordland","Støtvær",36.6211524602318,0,0,0.666893127199373,0.666893127199373,0.333106872800627
"Fjords - Nordland","Sundet",63.274704485405,0,0,0.40007806744753,0.40007806744753,0.59992193255247
"Fjords - Nordland","Sundklaksstrømmen",92.0860614568939,0,0,0.374863447815908,0.374863447815908,0.625136552184092
"Fjords - Nordland","Sundlandsfjord",57.4405987670822,0,0,0.799824803778252,0.799824803778252,0.200175196221747
"Fjords - Nordland","Sørfjord",451.804236787266,0,0.0514551833455545,0.135494348600444,0.10799943823222,0.864505651399556
"Fjords - Nordland","Sørfjorden",77.6199779078903,0,0,0.333122224591763,0.166719477560905,0.666877775408237
"Fjords - Nordland","Sørfjorden Indre",47.8476343614731,0,0,0,0,1
"Fjords - Nordland","Sørfjorden Ytre",23.8988394703827,0,0,0,0,1
"Fjords - Nordland","Sørfolla Indre",119.544113994991,0,0,0,0,1
"Fjords - Nordland","Sørfolla Ytre",309.185147444096,0,0,0.49935299589481,0.49935299589481,0.500647004105189
"Fjords - Nordland","Tennholmfjord",1469.14607835291,0,0,0.900343759520824,0.71733284593039,0.00830329791851539
"Fjords - Nordland","Tjeldsund",228.176455554718,0,0,0.30047463774264,0.100011078692569,0.69952536225736
"Fjords - Nordland","Tjongsfjord",172.522768272572,0.143145013925356,0,0.357142919140019,0.357142919140019,0.642857080859981
"Fjords - Nordland","Tjøtta Vest",101.728310633747,0,0,0.749939403889712,0.499878807779425,0.250060596110288
"Fjords - Nordland","Tjøttafjord",140.428274190617,0,0,0.727575953235947,0.272775146638803,0.272424046764053
"Fjords - Nordland","Tomfjord",650.048625540669,0,0,0.903917199968705,0.730671060882164,0.0960828000312948
"Fjords - Nordland","Tosanfjord",247.765283262486,0,0,0,0,1
"Fjords - Nordland","Tranesvågen",66.9465816506653,0,0,0,0,1
"Fjords - Nordland","Tranfjord",509.512973843048,0,0,0.829237521741319,0.292763541553081,0.170762478258681
"Fjords - Nordland","Trollfjord",22.9460493791962,0,0,0,0,1
"Fjords - Nordland","Trosundet",51.0244898737564,0.250241622606086,0,0.749758377393914,0.249758377393914,0.250241622606086
"Fjords - Nordland","Trænen",1179.39872368451,0,0,0.873165743856122,0.599293641124509,0.0315772011963123
"Fjords - Nordland","Tysfjord",405.678487935066,0,0.829569485526589,0.485116300425963,0.171669166693048,0.514883699574038
"Fjords - Nordland","Tørfjord",59.7720763863106,0,0,0,0,1
"Fjords - Nordland","Ulvangen",138.89799670277,0,0,0.545519199672563,0.363976000537987,0.454480800327437
"Fjords - Nordland","Ulvågen",23.0466644698563,0,0,0,0,1
"Fjords - Nordland","Ulvøy Vest",45.9424156377869,0,0,0.250273804058276,0.250273804058276,0.749726195941724
"Fjords - Nordland","Ursfjord",181.981312991875,0,0,0,0,1
"Fjords - Nordland","Utskaupen",37.5642480084915,0,0,0,0,1
"Fjords - Nordland","Valen",26.2251207290878,0,0,0,0,1
"Fjords - Nordland","Valfjord",45.2370701519623,0,0,0,0,1
"Fjords - Nordland","Valnesfjordvatnet",35.998096340229,0,0,0,0,1
"Fjords - Nordland","Valsvær",128.815611105663,0,0,0.636328245791839,0.454687016832645,0.363671754208161
"Fjords - Nordland","Vatnfjord",45.9675740774841,0,0,0.500273654203013,0.500273654203013,0.499726345796987
"Fjords - Nordland","Vatterfjord",11.5233322349281,0,0,1,1,0
"Fjords - Nordland","Vatterfjordpollen",23.0466644698563,0,0,0.5,0.5,0.5
"Fjords - Nordland","Vegafjorden",488.034025837349,0,0,0.789585110148731,0.342289704990716,0.21041488985127
"Fjords - Nordland","Vegsteinfjord",38.4285677598228,0,0,0.332905931536602,0.332905931536602,0.667094068463398
"Fjords - Nordland","Velfjorden",257.905299310905,0,0,0.550033424184973,0.499952337899201,0.449966575815027
"Fjords - Nordland","Velvelstadsundet",64.0640270020638,0,0,0.39938476384849,0,0.60061523615151
"Fjords - Nordland","Vesterålsfjorden",671.670530492405,0,0,0.694860680916936,0.491646874329807,0.203513639276113
"Fjords - Nordland","Vestpollen",22.9963662585907,0,0,0,0,1
"Fjords - Nordland","Vika",151.12284679554,0,0,0.666775757254639,0.666775757254639,0.333224242745361
"Fjords - Nordland","Vinjesund",56.3066345503426,0,0,0.199731027595076,0.199731027595076,0.800268972404924
"Fjords - Nordland","Vinkfjord",94.4699121110878,0,0,0.249801241857168,0.249801241857168,0.750198758142832
"Fjords - Nordland","Visten",89.6009499999428,1,0,0.428335682740453,0,0.571664317259547
"Fjords - Nordland","Vågsvågen",25.1912677508011,0,0,0.5,0.5,0.5
"Fjords - Nordland","Vågøyfjord",89.7980225078621,0,0,0.428767314912409,0,0.571232685087591
"Fjords - Nordland","Værangsfjord",173.193028576855,0,0,0.642376106400668,0.35690740959198,0.357623893599332
"Fjords - Nordland","Værøy Indre",118.368992147465,0,0,0.900105711642857,0.8,0.0998942883571429
"Fjords - Nordland","Værøy Ytre",130.093255354336,0,0,0.909108383813465,0.54515718027086,0.0908916161865354
"Fjords - Nordland","Ytre Beisfjord",22.8957138714294,0,0,0,0,1
"Fjords - Nordland","Ytre Efjord",115.082427715485,0,0,0.29973776251198,0.199825175007987,0.70026223748802
"Fjords - Nordland","Ytre Flesan",228.401242849949,0,0,1,0.72210207818853,0
"Fjords - Nordland","Ytre Folla",530.84460758728,0.245916872518585,0,0.733317509392281,0.599858557847192,0.266682490607719
"Fjords - Nordland","Ytre Ranafjord",226.647191807304,0,0,0.444262612049206,0.333006053016949,0.555737387950794
"Fjords - Nordland","Ytre Sjona",249.982596785004,0,0,0.599683014665544,0.54979199481859,0.400316985334456
"Fjords - Nordland","Ytre Skjomen",34.4190740687943,0,0,0,0,1
"Fjords - Nordland","Ytre Sundan",72.3704497274895,0.332988734727855,0,0.333333333333333,0.333333333333333,0.666666666666667
"Fjords - Nordland","Ytre Vefsnfjord",152.259293197464,0,0,0.416869270312912,0.416869270312912,0.583130729687088
"Fjords - Nordland","Ytre Vega N",713.182551046127,0,0,0.661321227567683,0.232260702901055,0
"Fjords - Nordland","Ytre Vestfjorden",9080.31569324774,0.0209454030404944,0,0.654372112208969,0.297445633801848,0.0296439414019982
"Fjords - Nordland","Årsethfjord_Indre",91.885923966053,0,0,0.142971416633507,0.142971416633507,0.857028583366493
"Fjords - Nordland","Åsvær",351.515215351124,0,0,0.928405549656383,0.892784286462063,0.0715944503436165
"Fjords - Nordland","Øksfjord",148.922792591141,0,0,0.230951258141777,0.230951258141777,0.769048741858223
"Fjords - Nordland","Økssundet",116.564639181873,0.400172247169314,0,0.500107593658621,0.399956897659538,0.499892406341379
"Fjords - Nordland","Ørsvåg",46.2190183244629,0,0,0.250407792812922,0,0.749592207187078
"Fjords - Nordland","Østnesfjorden",80.5124216766357,0,0,0.428749971428772,0.428749971428772,0.571250028571228
"Fjords - Skagerrak","Alvekilen",32.4956145047684,1,0,0.5,0.5,0.5
"Fjords - Skagerrak","Arendal-ytre_1",178.817569279388,0.909265875433713,0,0.727412642123907,0.727412642123907,0.272587357876093
"Fjords - Skagerrak","Arendal-ytre_2",65.1288348116531,1,0,0.50035200412454806,0.50035200412454806,0.499647995875452
"Fjords - Skagerrak","Asmalsundet",47.8914959325485,0,1,0.333494157687514,0.333494157687514,0.666505842312486
"Fjords - Skagerrak","Bekkelagsbassenget",93.5319262578392,0,0,0.500373808924714,0.500373808924714,0.499626191075286
"Fjords - Skagerrak","Berøyfjord",48.1684390821075,0,0,0.333492878088737,0.333492878088737,0.666507121911263
"Fjords - Skagerrak","Blindleia-ytre_1",196.554248466183,0,0,0.750145531269485,0.750145531269485,0.249854468730515
"Fjords - Skagerrak","Blindleia-ytre_2",32.8162073154449,0,0,0.5,0.5,0.5
"Fjords - Skagerrak","Blindleia_2",32.7704868248291,0,0,1,1,0
"Fjords - Skagerrak","Blindleiea_1",32.7247401158905,0,0,0,0,1
"Fjords - Skagerrak","Blindleiea_3",32.7704868248291,0,0,1,1,0
"Fjords - Skagerrak","Blindleiea_4",65.586694140274,0,0,0.5,0.5,0.5
"Fjords - Skagerrak","Bolærne_F?rder",414.682125356727,0,0.538487265165661,0.923081221133108,0.923081221133108,0.0769187788668922
"Fjords - Skagerrak","Bolærnebassenger",95.4824559316521,0,0,1,1,0
"Fjords - Skagerrak","Bonnefjorden",124.988789293373,0,0,0.749999899694694,0.749999899694694,0.250000100305306
"Fjords - Skagerrak","Breiangen-vest",205.175789169071,0,0,0.692125037350388,0.692125037350388,0.307874962649612
"Fjords - Skagerrak","Breidangen-øst",205.222192709248,0,0,0.846153869873361,0.846153869873361,0.153846130126639
"Fjords - Skagerrak","Brevikstrandbukta",32.0354168050919,0,0,0,0,1
"Fjords - Skagerrak","Bufjorden",32.6789672231522,0,0,0.5,0.5,0.5
"Fjords - Skagerrak","Buøysund-indre",65.8607806370392,0,0,0.500346500820614,0.500346500820614,0.499653499179385
"Fjords - Skagerrak","Buøysund-ytre",98.7911709555588,0,0,0.666897667213743,0.666897667213743,0.333102332786257
"Fjords - Skagerrak","Dalskilen",16.4537847519913,0,0,0,0,1
"Fjords - Skagerrak","Eidangerfjorden",47.8914959325485,0,0,0,0,1
"Fjords - Skagerrak","Eidekilen",32.6789672231522,0,0,0.5,0.5,0.5
"Fjords - Skagerrak","Eikelandsfjord",16.2018909707298,0,0,0,0,1
"Fjords - Skagerrak","Eksefjord",80.226936650692,0,0,1,1,0
"Fjords - Skagerrak","Elintgårdskilen",31.7812087718353,0,0.500364124623749,0,0,1
"Fjords - Skagerrak","Fevikkilen",16.2936715121536,0,0,0,0,1
"Fjords - Skagerrak","Flostadøysund",64.8764577876396,0.500176987428798,0,0.250088493714399,0.250088493714399,0.749911506285601
"Fjords - Skagerrak","Fossingfjord",32.081552634079,0,0,1,1,0
"Fjords - Skagerrak","Frierfjorden",127.749140821396,0,0,0,0,1
"Fjords - Skagerrak","Grimstad-ytre",179.551084369728,0.181493434799893,0,0.727249479085119,0.727249479085119,0.272750520914881
"Fjords - Skagerrak","Grimsøykilen",63.7474726873093,0,1,0.5,0.5,0.5
"Fjords - Skagerrak","Grosfjord",48.972651792675,0,0,0.666822532714269,0.666822532714269,0.333177467285731
"Fjords - Skagerrak","Grønsfjord",131.607417718956,0,0,0.625281863590795,0.625281863590795,0.374718136409205
"Fjords - Skagerrak","Gumøysund",64.2322704646416,0,0,0.74991026681243,0.74991026681243,0.25008973318757
"Fjords - Skagerrak","Hankøysundet",63.6318387237587,0,0.750090881773207,0.500181763546415,0.500181763546415,0.499818236453585
"Fjords - Skagerrak","Hartmarkfjord",16.4537847519913,0,0,1,1,0
"Fjords - Skagerrak","Haslumkilen",48.2836500599556,0,0,0.333651305913256,0.333651305913256,0.666348694086744
"Fjords - Skagerrak","Havefjord",16.2018909707298,0,0,1,1,0
"Fjords - Skagerrak","Helgeroafjorden",32.0123360590515,0,0,0,0,1
"Fjords - Skagerrak","Hellefjord",64.209215399147,0,0,0.250179530814629,0.250179530814629,0.749820469185371
"Fjords - Skagerrak","Heslevigen",32.793347070137,0,0,0,0,1
"Fjords - Skagerrak","Hesneskanalen",97.8307668081093,0.333099127069359,0,0.83345043646532,0.83345043646532,0.16654956353468
"Fjords - Skagerrak","Hillesund",82.3145653890305,0,0,0.800110895632768,0.800110895632768,0.199889104367232
"Fjords - Skagerrak","Holmenfjorden",62.4478273255158,0,0,0.5,0.5,0.5
"Fjords - Skagerrak","Homorsund",65.4037073390427,0,0,0.500349925826842,0.500349925826842,0.499650074173158
"Fjords - Skagerrak","Horten",31.6190437045975,0,0,0.5,0.5,0.5
"Fjords - Skagerrak","Hovekilen",32.5185531460571,1,0,1,1,0
"Fjords - Skagerrak","Hummerbakfjorden",16.0177084025459,0,0,1,1,0
"Fjords - Skagerrak","Hunnevunden",47.7990449476013,0,1,0.333655782394629,0.333655782394629,0.666344217605371
"Fjords - Skagerrak","Hurum",157.32921261084,0,0,0.500073796647124,0.500073796647124,0.499926203352876
"Fjords - Skagerrak","Husøyflaket",79.4877261476173,0,0,0.800232905948999,0.800232905948999,0.199767094051001
"Fjords - Skagerrak","Håøyfjorden",64.0015913720627,0,0,0,0,1
"Fjords - Skagerrak","Iddefjorden_1",48.0069637155571,0,1,0,0,1
"Fjords - Skagerrak","Iddefjorden_2",111.75451316489,0,1,0,0,1
"Fjords - Skagerrak","Iddefjorden_3",31.9430681928406,0,1,0,0,1
"Fjords - Skagerrak","Indre Drammensfjord",172.534528896385,0,0,0.182050993937984,0.182050993937984,0.817949006062015
"Fjords - Skagerrak","Indre Langesundsbukta",96.1523862442627,0,0,0.666826606635533,0.666826606635533,0.333173393364467
"Fjords - Skagerrak","Indre Langesundsfjorden",79.9269511623573,0,0,0,0,1
"Fjords - Skagerrak","Indre-oslofjord",312.727942971374,0,0,0.499888480254758,0.499888480254758,0.500111519745243
"Fjords - Skagerrak","Isefjærfjord",49.1557302372436,0,0,0.333333333333333,0.333333333333333,0.666666666666667
"Fjords - Skagerrak","Jomfruland-nordøst",192.742882925617,0,0,1,1,0
"Fjords - Skagerrak","Jomfruland-sørvest",96.5903294350777,0,0,0.833452544621364,0.833452544621364,0.166547455378636
"Fjords - Skagerrak","Jomfrulandsrenna_1",64.209215399147,0,0,1,1,0
"Fjords - Skagerrak","Jomfrulandsrenna_2",80.3652413107948,0,0,1,1,0
"Fjords - Skagerrak","Kalstadkilen",32.1276627650681,0,0,0.5,0.5,0.5
"Fjords - Skagerrak","Kalvellfjord",16.3394836115761,0,0,1,1,0
"Fjords - Skagerrak","Kilsfjorden",112.515946274925,0,0,0.142769375491747,0.142769375491747,0.857230624508253
"Fjords - Skagerrak","Kirkevågen",16.4537847519913,0,0,1,1,0
"Fjords - Skagerrak","Kjøpmannsfjord",32.1046076995735,0,0,0.499640938370743,0.499640938370743,0.500359061629257
"Fjords - Skagerrak","Kobbervika",16.1789133650246,0,0,0,0,1
"Fjords - Skagerrak","Kragerøfjorden",64.3014099282608,0,0,0.5,0.5,0.5
"Fjords - Skagerrak","Kristiansandsfjord-ytre",262.940840946259,0,0,0.812706318596767,0.812706318596767,0.187293681403233
"Fjords - Skagerrak","Kristianssandsfjord",131.356217737457,0,0,0.625086966263619,0.625086966263619,0.374913033736381
"Fjords - Skagerrak","Kristianssandsfjord-indre",32.8162073154449,0,0,1,1,0
"Fjords - Skagerrak","Krokstadfjorden",79.3256882224884,0,0.200175156636456,0.400058385545485,0.400058385545485,0.599941614454515
"Fjords - Skagerrak","Kurefjorden",47.5676240920258,0,0,0.333333333333333,0.333333333333333,0.666666666666667
"Fjords - Skagerrak","Kvåfjord",16.4537847519913,0,0,1,1,0
"Fjords - Skagerrak","Kvåsefjord-indre",49.1785904825516,0,0,0.333643227606209,0.333643227606209,0.666356772393792
"Fjords - Skagerrak","Kvåsefjord-ytre",65.609554385582,0,0,0.250087107150483,0.250087107150483,0.749912892849517
"Fjords - Skagerrak","Kåkvåg",16.1789133650246,0,0,0,0,1
"Fjords - Skagerrak","Langangsfjorden",63.9323235058517,0,0,0,0,1
"Fjords - Skagerrak","Langårdssund",64.209215399147,0,0,0.749820469185371,0.749820469185371,0.250179530814629
"Fjords - Skagerrak","Larviksfjorden",128.00316993008,0,0,0.625315611827197,0.625315611827197,0.374684388172803
"Fjords - Skagerrak","Leira",127.425562444172,0,0.750408373303102,0.375294902891361,0.375294902891361,0.624705097108639
"Fjords - Skagerrak","Lillesandsfjord-ytre",81.7660773969879,0,0,0.600055980296714,0.600055980296714,0.399944019703286
"Fjords - Skagerrak","Lillseandsfjord",81.7660773969879,0,0,0.399944019703286,0.399944019703286,0.600055980296714
"Fjords - Skagerrak","Lyngørfjorden",80.8485857068443,0,0,0.400227492505287,0.400227492505287,0.599772507494712
"Fjords - Skagerrak","Løperen",47.9376958493462,0,1,0.666827247045539,0.666827247045539,0.333172752954461
"Fjords - Skagerrak","Mandal-Lindesnes",279.965369743759,0,0,0.941229214288,0.941229214288,0.0587707857119998
"Fjords - Skagerrak","Mannefjord",98.7911709555588,0,0,0.666897667213743,0.666897667213743,0.333102332786257
"Fjords - Skagerrak","Mefjorden",47.8914959325485,0,0,0.333494157687514,0.333494157687514,0.666505842312486
"Fjords - Skagerrak","Melbyfjorden",64.1169694391708,0,0,0.50035977861548,0.50035977861548,0.499640221384521
"Fjords - Skagerrak","Midtre-oslofjord",237.490505850754,0,0,0.6,0.6,0.4
"Fjords - Skagerrak","Morvigkilen",32.6331681810989,0,0,0,0,1
"Fjords - Skagerrak","Mossesundet",47.4053701149101,0,0,0.333007133412243,0.333007133412243,0.666992866587757
"Fjords - Skagerrak","Mågerå_Tjøme",47.8452704400749,0,0,0.33381636156544,0.33381636156544,0.66618363843456
"Fjords - Skagerrak","Mørjefjorden",64.024672118103,0,0,0,0,1
"Fjords - Skagerrak","Naverfjorden",16.0177084025459,0,0,1,1,0
"Fjords - Skagerrak","Nevlunghavn",16.0177084025459,0,0,0,0,1
"Fjords - Skagerrak","Nidelven",16.2707458936729,1,0,0,0,1
"Fjords - Skagerrak","Nidelven-ytre",48.8351632994995,1,0,0.333646299332035,0.333646299332035,0.666353700667965
"Fjords - Skagerrak","Njervefjord",32.9075695039825,0,0,1,1,0
"Fjords - Skagerrak","Nordfjord_1",80.6185637255783,0,0,0,0,1
"Fjords - Skagerrak","Nordfjord_2",48.3757415181312,0,0,0,0,1
"Fjords - Skagerrak","Ny_Hellesund",32.8619015532837,0,0,0.5,0.5,0.5
"Fjords - Skagerrak","Nørholmskilen",32.6560677021256,0,0,0,0,1
"Fjords - Skagerrak","Odfjord",49.429816699585,0,0,1,1,0
"Fjords - Skagerrak","Oksefjord",64.784586277214,0,0,0.50017733852314,0.50017733852314,0.49982266147686
"Fjords - Skagerrak","Ormefjorden",63.9323235058517,0,0,0,0,1
"Fjords - Skagerrak","Ramslandsvågen",16.4537847519913,0,0,1,1,0
"Fjords - Skagerrak","Randøysund-indre",32.8390544343643,0,0,0.500347865054474,0.500347865054474,0.499652134945526
"Fjords - Skagerrak","Randøysund-ytre",32.8390544343643,0,0,0.500347865054474,0.500347865054474,0.499652134945526
"Fjords - Skagerrak","Remesfjord",65.7694710572662,0,0,0.500347181982497,0.500347181982497,0.499652818017503
"Fjords - Skagerrak","Risørleia",32.2888421165695,0,0,0.500356214309545,0.500356214309545,0.499643785690455
"Fjords - Skagerrak","Rognsfjord",48.0300444615974,0,0,0.333493516029387,0.333493516029387,0.666506483970613
"Fjords - Skagerrak","Rødskjærgapet",48.2606207447891,0,0,0.666666666666667,0.666666666666667,0.333333333333333
"Fjords - Skagerrak","Røsneskilen",31.8968554794159,0,1,0.5,0.5,0.5
"Fjords - Skagerrak","Røssesundet",31.9199618361282,0,0,0.500361942110567,0.500361942110567,0.499638057889433
"Fjords - Skagerrak","Sandebukten",110.318594809505,0,0,0.285774457866175,0.285774457866175,0.714225542133824
"Fjords - Skagerrak","Sandesfjord-ytre",129.155368466278,0,0,0.125089053577386,0.125089053577386,0.874910946422614
"Fjords - Skagerrak","Sandfjordsfjorden",79.8807512455597,0,0,0.400462624777698,0.400462624777698,0.599537375222302
"Fjords - Skagerrak","Sandvika",77.954926237793,0,0,0.400239201945488,0.400239201945488,0.599760798054512
"Fjords - Skagerrak","Sandvikdalsfjord",32.8390544343643,0,0,0.500347865054474,0.500347865054474,0.499652134945526
"Fjords - Skagerrak","Sandøyfjorden",64.7616086715088,0,0,0.50035480288672,0.50035480288672,0.49964519711328
"Fjords - Skagerrak","Sandøysund",15.9715340964203,0,0,1,1,0
"Fjords - Skagerrak","Singlefjorden",223.555136670509,0,1,0.643196602573411,0.643196602573411,0.356803397426589
"Fjords - Skagerrak","Singlefjorden_Østerelva",143.628275084221,0,1,0.444319318589067,0.444319318589067,0.555680681410933
"Fjords - Skagerrak","Skjebergkilen",31.8506172078934,0,1,0.5,0.5,0.5
"Fjords - Skagerrak","Skjelsbusundet",47.8914959325485,0,1,0,0,1
"Fjords - Skagerrak","Skjernøysund",32.9303903185196,0,0,0.500346500820614,0.500346500820614,0.499653499179385
"Fjords - Skagerrak","Skogsfjord-ytre",32.9075695039825,0,0,0.5,0.5,0.5
"Fjords - Skagerrak","Skåtøybukta",64.3014099282608,0,0,0.750179173357847,0.750179173357847,0.249820826642152
"Fjords - Skagerrak","Skåtøysund",32.1276627650681,0,0,0.5,0.5,0.5
"Fjords - Skagerrak","Snigsfjord",32.8847355286331,0,0,0.500347181982497,0.500347181982497,0.499652818017503
"Fjords - Skagerrak","Songvårsund",115.107991337891,0,0,0.571570264304999,0.571570264304999,0.428429735695001
"Fjords - Skagerrak","Soppekilen",32.1046076995735,0,0,0.499640938370743,0.499640938370743,0.500359061629257
"Fjords - Skagerrak","Steindalsfjord-indre",81.8575969986649,0,0,0.400335314330857,0.400335314330857,0.599664685669143
"Fjords - Skagerrak","Steindalsfjord-ytre",65.4952269407196,0,0,0.500349236967909,0.500349236967909,0.499650763032091
"Fjords - Skagerrak","Strandfjord",32.6560677021256,0,0,0,0,1
"Fjords - Skagerrak","Stølefjorden",48.2606207447891,0,0,0.333333333333333,0.333333333333333,0.666666666666667
"Fjords - Skagerrak","Svalerødkilen",31.9199618361282,0,1,0,0,1
"Fjords - Skagerrak","Syrdalsfjord",65.7694710572662,0,0,0.500347181982497,0.500347181982497,0.499652818017503
"Fjords - Skagerrak","Såsteinflaket",80.1577457562103,0,0,0.800172668886401,0.800172668886401,0.199827331113599
"Fjords - Skagerrak","Søndeledfjord-ytre",64.5086608288155,0,0,0.500178397858719,0.500178397858719,0.499821602141281
"Fjords - Skagerrak","Sørfjord_1",48.3987579320526,0,0,0,0,1
"Fjords - Skagerrak","Sørfjord_2",32.2658386213684,0,0,0,0,1
"Fjords - Skagerrak","Tjaumsfjord",32.9075695039825,0,0,1,1,0
"Fjords - Skagerrak","Topdalsfjorden",98.3114342561646,0,0,0.333565951084482,0.333565951084482,0.666434048915518
"Fjords - Skagerrak","Tromøysund_1",64.9453257160416,0.750176699758563,0,0.250176699758563,0.250176699758563,0.749823300241437
"Fjords - Skagerrak","Tromøysund_2",65.0371062921142,1,0,0.249823649585625,0.249823649585625,0.750176350414375
"Fjords - Skagerrak","Tromøysund_3",32.5414917873459,1,0,0.5,0.5,0.5
"Fjords - Skagerrak","Trysfjorden",49.2700052110062,0,0,0,0,1
"Fjords - Skagerrak","Tvedestrand-ytre",178.105860801037,0.0910966968333596,0,0.72748382942962,0.72748382942962,0.27251617057038
"Fjords - Skagerrak","Tvedestrandsfjord",64.7616086715088,0,0,0.25017740144336,0.25017740144336,0.74982259855664
"Fjords - Skagerrak","Tånevikkilen",32.8847355286331,0,0,0,0,1
"Fjords - Skagerrak","Tønsbergfjorden",143.096420230003,0,0,0.111129102188887,0.111129102188887,0.888870897811113
"Fjords - Skagerrak","Vestergapet-ytre",65.7466370819168,0,0,0.750086825639922,0.750086825639922,0.249913174360078
"Fjords - Skagerrak","Vestregapet",49.2700052110062,0,0,0.66651209582232,0.66651209582232,0.333487904177681
"Fjords - Skagerrak","Vikkilen",32.6102556027031,0,0,0.500351309395961,0.500351309395961,0.499648690604039
"Fjords - Skagerrak","Viksfjorden",63.955417065937,0,0,0.250090272103384,0.250090272103384,0.749909727896616
"Fjords - Skagerrak","Vollsfjorden",31.8968554794159,0,0,0,0,1
"Fjords - Skagerrak","Vrengen",31.8506172078934,0,0,0,0,1
"Fjords - Skagerrak","Ytre Drammensfjord",78.7226959925728,0,0,0.800058961689565,0.800058961689565,0.199941038310435
"Fjords - Skagerrak","Ytre Langesundsbukta",208.460862680035,0,0,0.846324070651752,0.846324070651752,0.153675929348248
"Fjords - Skagerrak","Ytre Langesundsfjorden",48.0069637155571,0,0,0.333653852750434,0.333653852750434,0.666346147249566
"Fjords - Skagerrak","Ytre Tønsbergfjord",127.610502716278,0,0,0.500452773632263,0.500452773632263,0.499547226367737
"Fjords - Skagerrak","Åbyfjord",32.0354168050919,0,0,0.5,0.5,0.5
"Fjords - Skagerrak","Ålefjærfjord",32.7247401158905,0,0,0,0,1
"Fjords - Skagerrak","Åroskilen",32.8619015532837,0,0,0.5,0.5,0.5
"Fjords - Skagerrak","Årøysund_Vasser",95.6905408801498,0,0,0.66690818078272,0.66690818078272,0.33309181921728
"Fjords - Skagerrak","Østerelva",127.425562444172,0,0.750408373303102,0.250317556913988,0.250317556913988,0.749682443086012
"Liste C - fjords","Bindalsfjord",222.325125824371,0,0,0,0,1
"Liste C - fjords","Blikenfjord",66.8342054432831,0,0,0,0,1
"Liste C - fjords","Fensfjord Ytre",212.150936034958,0,0,0.928563485501685,0.928563485501685,0.0714365144983154
"Liste C - fjords","Frænfjorden",85.1777388751678,0,0,0,0,1
"Liste C - fjords","Fugløyfjord Ytre",2275.60153961936,0.213086783127479,0,0.921224695054464,0.391578656522969,0.0787753049455353
"Liste C - fjords","Grunnefjorden",185.015833428234,0,0,0.615095325863484,0.615095325863484,0.384904674136516
"Liste C - fjords","Hustadvika",2046.68824727088,0,0,0.646686921822124,0.433586726657427,0.353313078177877
"Liste C - fjords","Indrefjord",91.3058801318016,0,0,0.125103442089387,0,0.874896557910613
"Liste C - fjords","Indrefolden",211.000898604515,0,0,0.062608728572522,0,0.937391271427478
"Liste C - fjords","Malmefjorden",42.6128846897736,0,0,0,0,1
"Liste C - fjords","Nordfjorden",175.734104842831,0,0,0.0834123174327407,0.0834123174327407,0.916587682567259
"Liste C - fjords","Sognesjøen-ytre",437.501902903927,0,0,0.931041892782182,0.931041892782182,0.0689581072178182
"Liste C - fjords","Øksfjord",148.922792591141,0,0,0.230951258141777,0.230951258141777,0.769048741858223
"Chlorophyll p90","chl_baseline_2000_2018_depthmax_chl_mean_p90top.tif",270137.478181135,0.0148827960238182,0.0198612872744907,0.722972882361019,0.392736160737136,1.2833373588657e-4
"Chlorophyll p90","chl_baseline_2000_2018_depthsurf_chl_mean_p90top.tif",332286.091582747,0.0183827508495057,0.0207021762619086,0.802266631388337,0.362712057441351,1.0433103478039e-4
"Chlorophyll p90","chl_ssp119_2020_2100_depthsurf_chl_mean_p90top.tif",331577.597181004,0.0195023455215915,0.0215343052476853,0.807222036601293,0.356139500506665,0
"Chlorophyll p90","chl_ssp126_2020_2100_depthsurf_chl_mean_p90top.tif",329495.043719483,0.01962560891492,0.0204785598265961,0.801891267562175,0.360255384098398,4.64022479148192e-5
"Chlorophyll p90","chl_ssp245_2020_2100_depthsurf_chl_mean_p90top.tif",328189.788975922,0.0195899498104904,0.0191119856307845,0.802030438932623,0.35993679542885,6.97598709725172e-5
"Chlorophyll p90","chl_ssp370_2020_2100_depthsurf_chl_mean_p90top.tif",326229.12547962,0.0197076869972954,0.0196294853592279,0.799305150467693,0.357947910553899,7.01791334535157e-5
"Chlorophyll p90","chl_ssp460_2020_2100_depthsurf_chl_mean_p90top.tif",328947.37755088,0.0193116241840136,0.0209808511789722,0.783159126421989,0.349127805748445,9.26388593472632e-5
"Chlorophyll p90","chl_ssp585_2020_2100_depthsurf_chl_mean_p90top.tif",329314.267046758,0.0196043892735686,0.0203266726283292,0.804986321980435,0.362506993144511,6.95216685835455e-5
"Primary production p90","phyc_baseline_2000_2020_depthmax_phyc_mean_p90top.tif",269925.393154328,0.014544900977196,0.0192987086076961,0.710731767570153,0.389163380564472,1.2843456991147e-4
"Primary production p90","phyc_baseline_2000_2020_depthsurf_phyc_mean_p90top.tif",337131.130563647,0.0193613628487639,0.0213920049166234,0.823213625524842,0.374185798894783,1.0283165402139e-4
"Primary production p90","phyc_ssp119_2020_2100_depthsurf_phyc_mean_p90top.tif",341135.177991401,0.0187468245967542,0.0152544879022982,0.824790170762931,0.367548580849231,1.0162467553796e-4
"Primary production p90","phyc_ssp126_2020_2100_depthsurf_phyc_mean_p90top.tif",342840.960320575,0.0188333186833795,0.021458218427747,0.81958238738139,0.371117601294769,1.9000373105546e-4
"Primary production p90","phyc_ssp245_2020_2100_depthsurf_phyc_mean_p90top.tif",336509.007201765,0.0185055251505813,0.0147291610857631,0.803552248935004,0.357582847940548,2.8288374074346e-4
"Primary production p90","phyc_ssp370_2020_2100_depthsurf_phyc_mean_p90top.tif",331579.609688883,0.0189942799404026,0.0150910779163594,0.783933716396788,0.361955892202934,2.6455032202544e-4
"Primary production p90","phyc_ssp460_2020_2100_depthsurf_phyc_mean_p90top.tif",344787.219555136,0.0188793501818693,0.0191694760498076,0.838337652132692,0.376195682885413,1.8893119560405e-4
"Primary production p90","phyc_ssp585_2020_2100_depthsurf_phyc_mean_p90top.tif",336802.594628033,0.0190393340416736,0.0151147440094455,0.802989310597018,0.363194734389502,3.0474823444613e-4
"Sea ice (siconc)","siconc_baseline_2000_2020_depthsurf_siconc_mean.tif",164264.515873902,0,0,0.260607159521324,0.0599127336469509,0
"Sea ice (siconc)","siconc_ssp119_2020_2100_depthsurf_siconc_mean.tif",115564.940677065,0,0,0.19540144916741,0.048106086113074,0
"Sea ice (siconc)","siconc_ssp126_2020_2100_depthsurf_siconc_mean.tif",115098.313490285,0,0,0.195444931603904,0.0479547880975776,0
"Sea ice (siconc)","siconc_ssp245_2020_2100_depthsurf_siconc_mean.tif",109597.169227285,0,0,0.202230869503785,0.0493389637787156,0
"Sea ice (siconc)","siconc_ssp370_2020_2100_depthsurf_siconc_mean.tif",108365.062492148,0,0,0.20302146798221,0.0492760116934393,0
"Sea ice (siconc)","siconc_ssp460_2020_2100_depthsurf_siconc_mean.tif",106955.964907025,0,0,0.208100896361101,0.050982291228433,0
"Sea ice (siconc)","siconc_ssp585_2020_2100_depthsurf_siconc_mean.tif",110410.557831724,0,0,0.200602811783667,0.0489754863026432,0
"Fishing spawning","Gytefelt (sei/hyse/lyr/hvitting)",8474.84764015809,0,0.0791116839579193,0.404855699577622,0.403092482128425,0.595144300422381
"Fishing spawning","Kysttorsk",43047.4633028347,0.0375121643898084,0.0750634840814238,0.382294354431465,0.34926720346398,0.617705645568537
"SVOs","(no species) | (no map type)",367859.574932104,0.017438490782191,0.0191158918900405,0.366050611910505,0.144785526186849,0.183062711022694
"SVOs","(no species) | Breeding area",920660.567355817,0.00703355353352562,0.00754626170463832,0.311389376127619,0.110651881827637,0.0975405118795373
"SVOs","(no species) | Drift",185648.685536855,0.0347683526875388,0.029070027644527,0.478932693080876,0.220848701628628,0.111469717294441
"SVOs","(no species) | Feeding area",553550.182926014,0.00351529697930176,0.0152864127672576,0.383102680007299,0.149656725474555,0.135829842382565
"SVOs","(no species) | High concentration",104175.550037517,0.00247758229914478,0,0.640622358578147,0.258760870347345,0.0319322099355037
"SVOs","(no species) | High production",1022120.20542824,0.0063400180229239,0.0133476033298802,0.343782436982075,0.123650461015706,0.0890582681303893
"SVOs","(no species) | Living area",996819.882785062,3.4435269626838e-4,0.00124722730133973,0.284663512076451,0.0837059307427927,0.117329211749485
"SVOs","(no species) | Moulting area",250313.387084635,0,0,0.261216467966757,0.0859053409432912,0.195208221122294
"SVOs","(no species) | Nursery area",136555.832071016,0,0,0.164850287019083,0.0355267092664794,0.366849242788467
"SVOs","(no species) | Unique area",115471.679229853,0.00460322602916291,0.0335426273708834,0.373814143238859,0.169800019699379,0.0665213749258027
"SVOs","Ammodytes marinus | Spawning area",27403.4986063101,0,0,0.47152793993781,0.281072557095704,0.528472060062172
"SVOs","Balaena mysticetus | Living area",454968.004840106,0,0,0.121977254031462,0.0293815246083522,0.524139549330606
"SVOs","Balaenoptera acutorostrata | Feeding area",1366116.65974556,0.00583266807299239,0.0124291262275205,0.310487222265251,0.126677158497779,0.332209855874871
"SVOs","Boreogadus saida | Nursery area",601333.5406,0,0,0.257436790024697,0.0714740150552873,0.104491091695777
"SVOs","Boreogadus saida | Spawning area",83937.1783915777,0,0,0.268907193252456,0.0606480055135492,0.0105629087500747
"SVOs","Cetorhinus maximus | Feeding area",141164.101372461,0.00394649761045446,0.0772518456703253,0.661280425283309,0.299806211388441,0.1020921448442
"SVOs","Clupea harengus L. | Spawning area",36357.455855269,0.00265668560032315,0.0302195142139752,0.775131274021794,0.24595713757194,0.0106781874046505
"SVOs","Cystophora cristata | (no map type)",105762.388536115,0,0,0.0613410848157506,0.0134773414318291,0.688941510254812
"SVOs","Cystophora cristata | Feeding area",105762.388536115,0,0,0.0613410848157506,0.0134773414318291,0.688941510254812
"SVOs","Delphinapterus leucas | Living area",631768.150766517,0,0.00267870269274988,0.236347351680741,0.0715943680688778,0.209266591826529
"SVOs","Erignathus barbatus | Living area",1773191.91106914,0,0,0.158644567095206,0.0432005877405121,0.274995285001209
"SVOs","Gadus morhua | Spawning area",45754.4672455411,0.006066605689546,0.0395576805906125,0.660363063819203,0.385924694180562,0.141926802600651
"SVOs","Halichoerus grypus | (no map type)",15270.7689296466,0.0969177892569186,0.088647756398783,0.859092133838708,0.55962169316142,0.0810529789168513
"SVOs","Halichoerus grypus | Feeding area",15270.7689296466,0.0969177892569186,0.088647756398783,0.859092133838708,0.55962169316142,0.0810529789168513
"SVOs","Hyperoodon ampullatus | Feeding area",127793.505544523,0,0,0.14869013039067,0.0433845089552359,0.0051613739798962
"SVOs","Isidella lofotensis | Living area",18575.502098574,0.043051060921371,0,0.99911545051706,0.285719681605525,8.8454948293985e-4
"SVOs","Lamna nasus | Feeding area",29476.0718018671,0,0.0445733098757064,0.884991349064101,0.349143553824886,0.111180420151535
"SVOs","Lycenchelys platyrhina | (no map type)",43660.6703325968,0,0,0.207680183558132,0.0667127762725499,0.00881911460862374
"SVOs","Mallotus villosus | Feeding area",157923.185852909,0,0,0.21774992902195,0.0495500288144964,0.00621168279194851
"SVOs","Mallotus villosus | Spawning area",24235.2952802506,0.145575931770066,0.0607110106988529,0.64612969827927,0.442095166799388,0.343491707583171
"SVOs","Megaptera novaeangliae | Feeding area",1770997.00290587,0.00377014971158177,0.00431788242460104,0.199213199002104,0.066029887277772,0.159146022912146
"SVOs","Melanogrammus aeglefinus | Spawning area",41117.5966731565,0.0586007599490602,0.0285711651158925,0.642776418400218,0.242437793930847,0.0101463227536643
"SVOs","Monodon monoceros | Living area",443985.042854516,0,0,0.182251597272296,0.049030600089641,0.435197942900075
"SVOs","Odobenus rosmarus | Distribution area",345854.855808387,0,0,0.306619412514177,0.0868120741478143,0.0767221701939997
"SVOs","Orcinus orca | Feeding area",99263.8369557516,0.0155472907687626,0.0554127959428439,0.641157370120285,0.298910574975057,0.150948551476041
"SVOs","Pagophilus groenlandicus | Feeding area",121923.186362189,0,0,0.0967573578650274,0.0189872742423484,0.482904422903508
"SVOs","Phoca hispida | Distribution area",1587287.86263073,0,0.00121566574330914,0.13480567478209,0.0392439200615062,0.460143194071018
"SVOs","Phoca vitulina | (no map type)",16766.5450797417,0.00287838791565355,0.145405448572123,0.879690121635652,0.673276697667012,0.115829023478185
"SVOs","Phoca vitulina | Feeding area",18327.0668478129,0.00263329757814183,0.133024396569793,0.840338451221089,0.628074502676071,0.117630874576713
"SVOs","Physeter macrocephalus | Feeding area",215732.886985671,0,0,0.102210556474672,0.02760575128121,0.254125788301677
"SVOs","Radicipes gracilis | Living area",217.062460269657,0,0,0.174285692741851,0.174285692741851,0
"SVOs","Reinhardtius hippoglossoides | Spawning area",29005.738206818,0,0.028097356433963,0.571271141044495,0.208851645524267,0
"SVOs","Sebastes mentella | Spawning area",43918.8202530183,0,0.023521796228088,0.736642229139306,0.234918267400136,0
"SVOs","Sebastes norvegicus | Spawning area",48660.8928435392,0,0.0178226299753301,0.710708055368705,0.244845311817779,5.0033888312854e-4
"SVOs","Trisopterus esmarkii | Spawning area",43190.8291263104,5.4927958599144e-4,0.0240242807303399,0.687177149320885,0.173725139959706,0.00608191501566542
"SVOs","Umbellula encrinus | Living area",10544.2206803856,0,0.109684755873299,0.737375693678677,0.237590890502593,0
"VMEs","Glass_sponge_community",3181.13178193283,0,0.194459567214724,0.718169681658612,0.123266842255964,0
"VMEs","Hard_bottom_coral_garden",591.637931835235,0,0.559445273028135,1,0.779355450557204,0
"VMEs","Hard_bottom_sponge_garden",4261.52210711317,0,0.0231871682013121,0.367123015480383,0.0817635989139252,0
"VMEs","Radicipes",217.062460269657,0,0,0.174285692741851,0.174285692741851,0
"VMEs","Sponge_spicule_bottom",14308.8135873516,0,0.0166881991608783,0.334606773926035,0.0837627138129774,0
"VMEs","Umbellula_stands",10544.2206803856,0,0.109684755873299,0.737375693678677,0.237590890502593,0
"SVOs by group","Benthic invertebrate | Living area",373004.102876353,0.00232884880016628,0.00473594050366366,0.274254653946991,0.0712771053551602,0.00538274949345402
"SVOs by group","Fish | (no map type)",126113.683381258,3.0393213010152e-4,0.055744075663733,0.644090577849415,0.286927319195652,0.0609831962711852
"SVOs by group","Fish | Drift",185648.685536855,0.0349928500810592,0.0291711700596642,0.478932693080876,0.220848701628628,0.111469717294441
"SVOs by group","Fish | Feeding area",317662.789323934,0.00450771268270211,0.0342877456077659,0.460538330472588,0.174569893720661,0.0485078708894485
"SVOs by group","Fish | Living area",601333.5406,0,0,0.257436790024697,0.0714740150552873,0.104491091695777
"SVOs by group","Fish | Nursery area",737889.372671023,0,0,0.240302477721599,0.064821508006794,0.153043811046362
"SVOs by group","Fish | Spawning area",301994.615903418,0.0166919241299753,0.018202697022178,0.548756193288659,0.213635685674608,0.0968009518236801
"SVOs by group","Marine mammal | (no map type)",134093.280306593,0.0108029759421514,0.0223827921559073,0.230550932106026,0.141057563009884,0.565301994457936
"SVOs by group","Marine mammal | Distribution area",1589042.43312133,0,0.0011491290945381,0.134738108912757,0.0392603723780769,0.460651291947887
"SVOs by group","Marine mammal | Feeding area",2594063.10870417,0.00343008146751783,0.00696144027751835,0.232282975219286,0.0866882000522673,0.298007860727391
"SVOs by group","Marine mammal | Living area",1950467.18720275,0,8.4120250786996e-4,0.155544550914414,0.0437805121058449,0.293104708661265
"SVOs by group","Mesopelagic | (no map type)",18575.502098574,0.0439269823645983,0,0.99911545051706,0.285719681605525,8.8454948293985e-4
"SVOs by group","Other | (no map type)",14059.9049548494,0,0,0.0881488784687083,0.029004038556295,0.00308977749591478
"SVOs by group","Seabird | (no map type)",35520.3268158577,0.157847558537981,0,0.580773090579097,0.23370217572716,0.102777179372589
"SVOs by group","Seabird | Breeding area",920660.567355817,0.00707882281896185,0.0075677256013632,0.311389376127619,0.110651881827637,0.0975405118795373
"SVOs by group","Seabird | Feeding area",511638.791518575,0.00224757757480985,0.016528903571165,0.374173148579094,0.150272997644938,0.146924362251322
"SVOs by group","Seabird | Living area",270187.607221957,9.5527511950092e-4,0,0.355322168280357,0.122291588476144,0.197721722609063
"SVOs by group","Seabird | Moulting area",250313.387084635,0,0,0.261216467966757,0.0859053409432912,0.195208221122294
"SVOs by group","Unclassified | Living area",3181.13178193283,0,0.194459567214724,0.718169681658612,0.123266842255964,0
"SVOs by group","Zooplankton | (no map type)",232545.629300294,0.0033693002282772,0,0.160661624734164,0.0473080794204333,0.242210753443985
"SVOs by group","Zooplankton | High concentration",104175.550037517,0.00247758229914478,0,0.640622358578147,0.258760870347345,0.0319322099355037
"SVOs by group","Zooplankton | High production",1022120.20542824,0.00639328582534382,0.0133367740020454,0.343782436982075,0.123650461015706,0.0890582681303893
"SVOs by group","Zooplankton | Unique area",115471.679229853,0.00500241128030687,0.0334441330247587,0.373814143238859,0.169800019699379,0.0665213749258027
