"scientific_name","artsgruppe","in_redlist_full","in_redlist_analysis_60","in_svos","in_svo_seabird_navn","match_type","svo_art_latin","svo_sublayers","n_svo_features","svo_rodliste_codes","taxonomic_notes"
"Alca torda","Fugler",TRUE,TRUE,TRUE,TRUE,"seabird_navn",NA,"Seabird | (miljøverdi layers via navn)",NA,NA,"Seabird (Aves); matched via Norwegian name in SVO seabird navn; moved to SVO seabird layers"
"Alkmaria romijni","Leddormer",TRUE,TRUE,FALSE,FALSE,NA,NA,NA,NA,NA,"Not in SVO species layers; Artsgruppe=Leddormer"
"Anguilla anguilla","Fisker",TRUE,TRUE,FALSE,FALSE,NA,NA,NA,NA,NA,"Not in SVO species layers; Artsgruppe=Fisker"
"Arenaria interpres","Fugler",TRUE,TRUE,FALSE,FALSE,NA,NA,NA,NA,NA,"Seabird (Aves); not matched in SVO seabird navn"
"Aythya marila","Fugler",TRUE,TRUE,FALSE,FALSE,NA,NA,NA,NA,NA,"Seabird (Aves); not matched in SVO seabird navn"
"Balaena mysticetus","Pattedyr",TRUE,TRUE,TRUE,FALSE,"art_latin","Balaena mysticetus","Balaena mysticetus | Living area",3,"EN","Matched SVO art_latin; Artsgruppe=Pattedyr"
"Balaenoptera musculus","Pattedyr",TRUE,TRUE,FALSE,FALSE,NA,NA,NA,NA,NA,"Not in SVO species layers; Artsgruppe=Pattedyr"
"Boreogadus saida","Fisker",TRUE,TRUE,TRUE,FALSE,"art_latin","Boreogadus saida","Boreogadus saida | Nursery area; Boreogadus saida | Spawning area",2,"EN","Matched SVO art_latin; Artsgruppe=Fisker"
"Calidris alba","Fugler",TRUE,TRUE,FALSE,FALSE,NA,NA,NA,NA,NA,"Seabird (Aves); not matched in SVO seabird navn"
"Calidris canutus","Fugler",TRUE,TRUE,FALSE,FALSE,NA,NA,NA,NA,NA,"Seabird (Aves); not matched in SVO seabird navn"
"Cetorhinus maximus","Fisker",TRUE,TRUE,TRUE,FALSE,"art_latin","Cetorhinus maximus","Cetorhinus maximus | Feeding area",3,"EN","Matched SVO art_latin; Artsgruppe=Fisker"
"Chroicocephalus ridibundus","Fugler",TRUE,TRUE,FALSE,FALSE,NA,NA,NA,NA,NA,"Seabird (Aves); not matched in SVO seabird navn"
"Clupea pallasii","Fisker",TRUE,FALSE,FALSE,FALSE,NA,NA,NA,NA,NA,"Not in SVO species layers; Artsgruppe=Fisker"
"Codium vermilara","Alger",TRUE,TRUE,FALSE,FALSE,NA,NA,NA,NA,NA,"Not in SVO species layers; Artsgruppe=Alger"
"Cystophora cristata","Pattedyr",TRUE,TRUE,TRUE,FALSE,"art_latin","Cystophora cristata","Cystophora cristata | (no map type); Cystophora cristata | Feeding area",10,"EN","Matched SVO art_latin; Artsgruppe=Pattedyr"
"Dasya adela","Alger",TRUE,FALSE,FALSE,FALSE,NA,NA,NA,NA,NA,"Not in SVO species layers; Artsgruppe=Alger"
"Delphinapterus leucas","Pattedyr",TRUE,TRUE,TRUE,FALSE,"art_latin","Delphinapterus leucas","Delphinapterus leucas | Living area",1,"EN","Matched SVO art_latin; Artsgruppe=Pattedyr"
"Dipturus intermedius","Fisker",TRUE,TRUE,FALSE,FALSE,NA,NA,NA,NA,NA,"Not in SVO species layers; Artsgruppe=Fisker"
"Dipturus nidarosiensis","Fisker",TRUE,TRUE,FALSE,FALSE,NA,NA,NA,NA,NA,"Not in SVO species layers; Artsgruppe=Fisker"
"Exitomelita sigynae","Krepsdyr",TRUE,TRUE,FALSE,FALSE,NA,NA,NA,NA,NA,"Not in SVO species layers; Artsgruppe=Krepsdyr"
"Fratercula arctica","Fugler",TRUE,TRUE,TRUE,TRUE,"seabird_navn",NA,"Seabird | (miljøverdi layers via navn)",NA,NA,"Seabird (Aves); matched via Norwegian name in SVO seabird navn; moved to SVO seabird layers"
"Fulmarus glacialis","Fugler",TRUE,TRUE,TRUE,TRUE,"seabird_navn",NA,"Seabird | (miljøverdi layers via navn)",NA,NA,"Seabird (Aves); matched via Norwegian name in SVO seabird navn; moved to SVO seabird layers"
"Gammarus inaequicauda","Krepsdyr",TRUE,FALSE,FALSE,FALSE,NA,NA,NA,NA,NA,"Not in SVO species layers; Artsgruppe=Krepsdyr"
"Gavia adamsii","Fugler",TRUE,TRUE,FALSE,FALSE,NA,NA,NA,NA,NA,"Seabird (Aves); not matched in SVO seabird navn"
"Halichoerus grypus","Pattedyr",TRUE,TRUE,TRUE,FALSE,"art_latin","Halichoerus grypus","Halichoerus grypus | (no map type); Halichoerus grypus | Feeding area",12,"VU","Matched SVO art_latin; Artsgruppe=Pattedyr"
"Harmothoe oculinarum","Leddormer",TRUE,TRUE,FALSE,FALSE,NA,NA,NA,NA,NA,"Not in SVO species layers; Artsgruppe=Leddormer"
"Homarus gammarus","Krepsdyr",TRUE,TRUE,FALSE,FALSE,NA,NA,NA,NA,NA,"Not in SVO species layers; Artsgruppe=Krepsdyr"
"Hydrobates leucorhous","Fugler",TRUE,FALSE,FALSE,FALSE,NA,NA,NA,NA,NA,"Seabird (Aves); not matched in SVO seabird navn"
"Lamna nasus","Fisker",TRUE,TRUE,TRUE,FALSE,"art_latin","Lamna nasus","Lamna nasus | Feeding area",1,"VU","Matched SVO art_latin; Artsgruppe=Fisker"
"Larus argentatus","Fugler",TRUE,TRUE,TRUE,TRUE,"seabird_navn",NA,"Seabird | (miljøverdi layers via navn)",NA,NA,"Seabird (Aves); matched via Norwegian name in SVO seabird navn; moved to SVO seabird layers"
"Larus canus","Fugler",TRUE,TRUE,TRUE,TRUE,"seabird_navn",NA,"Seabird | (miljøverdi layers via navn)",NA,NA,"Seabird (Aves); matched via Norwegian name in SVO seabird navn; moved to SVO seabird layers"
"Larus hyperboreus","Fugler",TRUE,TRUE,TRUE,TRUE,"seabird_navn",NA,"Seabird | (miljøverdi layers via navn)",NA,NA,"Seabird (Aves); matched via Norwegian name in SVO seabird navn; moved to SVO seabird layers"
"Lethenteron camtschaticum","Fisker",TRUE,FALSE,FALSE,FALSE,NA,NA,NA,NA,NA,"Not in SVO species layers; Artsgruppe=Fisker"
"Leucoraja fullonica","Fisker",TRUE,TRUE,FALSE,FALSE,NA,NA,NA,NA,NA,"Not in SVO species layers; Artsgruppe=Fisker"
"Manayunkia aestuarina","Leddormer",TRUE,FALSE,FALSE,FALSE,NA,NA,NA,NA,NA,"Not in SVO species layers; Artsgruppe=Leddormer"
"Melanitta fusca","Fugler",TRUE,TRUE,FALSE,FALSE,NA,NA,NA,NA,NA,"Seabird (Aves); not matched in SVO seabird navn"
"Melanitta nigra","Fugler",TRUE,TRUE,FALSE,FALSE,NA,NA,NA,NA,NA,"Seabird (Aves); not matched in SVO seabird navn"
"Mergellus albellus","Fugler",TRUE,TRUE,FALSE,FALSE,NA,NA,NA,NA,NA,"Seabird (Aves); not matched in SVO seabird navn"
"Molva dypterygia","Fisker",TRUE,TRUE,FALSE,FALSE,NA,NA,NA,NA,NA,"Not in SVO species layers; Artsgruppe=Fisker"
"Monoculodes bousfieldi","Krepsdyr",TRUE,FALSE,FALSE,FALSE,NA,NA,NA,NA,NA,"Not in SVO species layers; Artsgruppe=Krepsdyr"
"Monodon monoceros","Pattedyr",TRUE,TRUE,TRUE,FALSE,"art_latin","Monodon monoceros","Monodon monoceros | Living area",2,"VU","Matched SVO art_latin; Artsgruppe=Pattedyr"
"Najas marina","Karplanter",TRUE,FALSE,FALSE,FALSE,NA,NA,NA,NA,NA,"Not in SVO species layers; Artsgruppe=Karplanter"
"Nicomache (Loxochona) lokii","Leddormer",TRUE,TRUE,FALSE,FALSE,NA,NA,NA,NA,NA,"Not in SVO species layers; Artsgruppe=Leddormer"
"Odobenus rosmarus","Pattedyr",TRUE,TRUE,TRUE,FALSE,"art_latin","Odobenus rosmarus","Odobenus rosmarus | Distribution area",1,"VU","Matched SVO art_latin; Artsgruppe=Pattedyr"
"Pagophila eburnea","Fugler",TRUE,TRUE,TRUE,TRUE,"seabird_navn",NA,"Seabird | (miljøverdi layers via navn)",NA,NA,"Seabird (Aves); matched via Norwegian name in SVO seabird navn; moved to SVO seabird layers"
"Palaemonetes varians","Krepsdyr",TRUE,TRUE,FALSE,FALSE,NA,NA,NA,NA,NA,"Not in SVO species layers; Artsgruppe=Krepsdyr"
"Paramytha schanderi","Leddormer",TRUE,TRUE,FALSE,FALSE,NA,NA,NA,NA,NA,"Not in SVO species layers; Artsgruppe=Leddormer"
"Parophryotrocha isochaeta","Leddormer",TRUE,FALSE,FALSE,FALSE,NA,NA,NA,NA,NA,"Not in SVO species layers; Artsgruppe=Leddormer"
"Pavelius smileyi","Leddormer",TRUE,TRUE,FALSE,FALSE,NA,NA,NA,NA,NA,"Not in SVO species layers; Artsgruppe=Leddormer"
"Phalaropus lobatus","Fugler",TRUE,TRUE,FALSE,FALSE,NA,NA,NA,NA,NA,"Seabird (Aves); not matched in SVO seabird navn"
"Phymatolithon calcareum","Alger",TRUE,TRUE,FALSE,FALSE,NA,NA,NA,NA,NA,"Not in SVO species layers; Artsgruppe=Alger"
"Podiceps auritus","Fugler",TRUE,TRUE,FALSE,FALSE,NA,NA,NA,NA,NA,"Seabird (Aves); not matched in SVO seabird navn"
"Polysticta stelleri","Fugler",TRUE,TRUE,TRUE,TRUE,"seabird_navn",NA,"Seabird | (miljøverdi layers via navn)",NA,NA,"Seabird (Aves); matched via Norwegian name in SVO seabird navn; moved to SVO seabird layers"
"Pusa hispida","Pattedyr",TRUE,TRUE,FALSE,FALSE,NA,NA,NA,NA,NA,"Not in SVO species layers; Artsgruppe=Pattedyr"
"Radicipes gracilis","Koralldyr",TRUE,FALSE,TRUE,FALSE,"art_latin","Radicipes gracilis","Radicipes gracilis | Living area",1,"EN","Matched SVO art_latin; Artsgruppe=Koralldyr"
"Rhodothamniella floridula","Alger",TRUE,TRUE,FALSE,FALSE,NA,NA,NA,NA,NA,"Not in SVO species layers; Artsgruppe=Alger"
"Rissa tridactyla","Fugler",TRUE,TRUE,TRUE,TRUE,"seabird_navn",NA,"Seabird | (miljøverdi layers via navn)",NA,NA,"Seabird (Aves); matched via Norwegian name in SVO seabird navn; moved to SVO seabird layers"
"Sclerolinum contortum","Leddormer",TRUE,TRUE,FALSE,FALSE,NA,NA,NA,NA,NA,"Not in SVO species layers; Artsgruppe=Leddormer"
"Sebastes norvegicus","Fisker",TRUE,TRUE,TRUE,FALSE,"art_latin","Sebastes norvegicus","Sebastes norvegicus | Spawning area",5,"EN","Matched SVO art_latin; Artsgruppe=Fisker"
"Somateria mollissima","Fugler",TRUE,TRUE,TRUE,TRUE,"seabird_navn",NA,"Seabird | (miljøverdi layers via navn)",NA,NA,"Seabird (Aves); matched via Norwegian name in SVO seabird navn; moved to SVO seabird layers"
"Squalus acanthias","Fisker",TRUE,TRUE,FALSE,FALSE,NA,NA,NA,NA,NA,"Not in SVO species layers; Artsgruppe=Fisker"
"Stercorarius longicaudus","Fugler",TRUE,TRUE,TRUE,TRUE,"seabird_navn",NA,"Seabird | (miljøverdi layers via navn)",NA,NA,"Seabird (Aves); matched via Norwegian name in SVO seabird navn; moved to SVO seabird layers"
"Stercorarius parasiticus","Fugler",TRUE,TRUE,TRUE,TRUE,"seabird_navn",NA,"Seabird | (miljøverdi layers via navn)",NA,NA,"Seabird (Aves); matched via Norwegian name in SVO seabird navn; moved to SVO seabird layers"
"Sterna hirundo","Fugler",TRUE,TRUE,TRUE,TRUE,"seabird_navn",NA,"Seabird | (miljøverdi layers via navn)",NA,NA,"Seabird (Aves); matched via Norwegian name in SVO seabird navn; moved to SVO seabird layers"
"Streblospio shrubsolii","Leddormer",TRUE,FALSE,FALSE,FALSE,NA,NA,NA,NA,NA,"Not in SVO species layers; Artsgruppe=Leddormer"
"Swiftia pallida","Koralldyr",TRUE,TRUE,FALSE,FALSE,NA,NA,NA,NA,NA,"Not in SVO species layers; Artsgruppe=Koralldyr"
"Tachybaptus ruficollis","Fugler",TRUE,TRUE,FALSE,FALSE,NA,NA,NA,NA,NA,"Seabird (Aves); not matched in SVO seabird navn"
"Uria lomvia","Fugler",TRUE,TRUE,TRUE,TRUE,"seabird_navn",NA,"Seabird | (miljøverdi layers via navn)",NA,NA,"Seabird (Aves); matched via Norwegian name in SVO seabird navn; moved to SVO seabird layers"
"Uria aalge","Fugler",TRUE,TRUE,TRUE,TRUE,"seabird_navn",NA,"Seabird | (miljøverdi layers via navn)",NA,NA,"Seabird (Aves); matched via Norwegian name in SVO seabird navn; moved to SVO seabird layers"
"Ursus maritimus","Pattedyr",TRUE,TRUE,FALSE,FALSE,NA,NA,NA,NA,NA,"Not in SVO species layers; Artsgruppe=Pattedyr"
"Xema sabini","Fugler",TRUE,TRUE,TRUE,TRUE,"seabird_navn",NA,"Seabird | (miljøverdi layers via navn)",NA,NA,"Seabird (Aves); matched via Norwegian name in SVO seabird navn; moved to SVO seabird layers"
"Zostera noltei","Karplanter",TRUE,FALSE,FALSE,FALSE,NA,NA,NA,NA,NA,"Not in SVO species layers; Artsgruppe=Karplanter"
