"scientific_name","artsgruppe","tax_path","in_redlist_analysis_60","matched_in_svo_navn","action","reason"
"Alca torda","Fugler","Animalia/Chordata/Aves/Charadriiformes/Alcidae/Alca/torda",TRUE,TRUE,"Removed from Species Occurrence red-list analysis; flagged on SVO Seabird layers","Red-list seabird listed among SVO seabird miljøverdi navn attributes (gruppe=Sjøfugl / art_eng=Seabirds)"
"Arenaria interpres","Fugler","Animalia/Chordata/Aves/Charadriiformes/Scolopacidae/Arenaria/interpres",TRUE,FALSE,"Kept in red-list analysis (no Norwegian name hit in SVO seabird navn)",NA
"Aythya marila","Fugler","Animalia/Chordata/Aves/Anseriformes/Anatidae/Aythya/marila",TRUE,FALSE,"Kept in red-list analysis (no Norwegian name hit in SVO seabird navn)",NA
"Calidris alba","Fugler","Animalia/Chordata/Aves/Charadriiformes/Scolopacidae/Calidris/alba",TRUE,FALSE,"Kept in red-list analysis (no Norwegian name hit in SVO seabird navn)",NA
"Calidris canutus","Fugler","Animalia/Chordata/Aves/Charadriiformes/Scolopacidae/Calidris/canutus",TRUE,FALSE,"Kept in red-list analysis (no Norwegian name hit in SVO seabird navn)",NA
"Chroicocephalus ridibundus","Fugler","Animalia/Chordata/Aves/Charadriiformes/Laridae/Chroicocephalus/ridibundus",TRUE,FALSE,"Kept in red-list analysis (no Norwegian name hit in SVO seabird navn)",NA
"Fratercula arctica","Fugler","Animalia/Chordata/Aves/Charadriiformes/Alcidae/Fratercula/arctica",TRUE,TRUE,"Removed from Species Occurrence red-list analysis; flagged on SVO Seabird layers","Red-list seabird listed among SVO seabird miljøverdi navn attributes (gruppe=Sjøfugl / art_eng=Seabirds)"
"Fulmarus glacialis","Fugler","Animalia/Chordata/Aves/Procellariiformes/Procellariidae/Fulmarus/glacialis",TRUE,TRUE,"Removed from Species Occurrence red-list analysis; flagged on SVO Seabird layers","Red-list seabird listed among SVO seabird miljøverdi navn attributes (gruppe=Sjøfugl / art_eng=Seabirds)"
"Gavia adamsii","Fugler","Animalia/Chordata/Aves/Gaviiformes/Gaviidae/Gavia/adamsii",TRUE,FALSE,"Kept in red-list analysis (no Norwegian name hit in SVO seabird navn)",NA
"Hydrobates leucorhous","Fugler","Animalia/Chordata/Aves/Procellariiformes/Hydrobatidae/Hydrobates/leucorhous",FALSE,FALSE,"Kept in red-list analysis (no Norwegian name hit in SVO seabird navn)",NA
"Larus argentatus","Fugler","Animalia/Chordata/Aves/Charadriiformes/Laridae/Larus/argentatus",TRUE,TRUE,"Removed from Species Occurrence red-list analysis; flagged on SVO Seabird layers","Red-list seabird listed among SVO seabird miljøverdi navn attributes (gruppe=Sjøfugl / art_eng=Seabirds)"
"Larus canus","Fugler","Animalia/Chordata/Aves/Charadriiformes/Laridae/Larus/canus",TRUE,TRUE,"Removed from Species Occurrence red-list analysis; flagged on SVO Seabird layers","Red-list seabird listed among SVO seabird miljøverdi navn attributes (gruppe=Sjøfugl / art_eng=Seabirds)"
"Larus hyperboreus","Fugler","Animalia/Chordata/Aves/Charadriiformes/Laridae/Larus/hyperboreus",TRUE,TRUE,"Removed from Species Occurrence red-list analysis; flagged on SVO Seabird layers","Red-list seabird listed among SVO seabird miljøverdi navn attributes (gruppe=Sjøfugl / art_eng=Seabirds)"
"Melanitta fusca","Fugler","Animalia/Chordata/Aves/Anseriformes/Anatidae/Melanitta/fusca",TRUE,FALSE,"Kept in red-list analysis (no Norwegian name hit in SVO seabird navn)",NA
"Melanitta nigra","Fugler","Animalia/Chordata/Aves/Anseriformes/Anatidae/Melanitta/nigra",TRUE,FALSE,"Kept in red-list analysis (no Norwegian name hit in SVO seabird navn)",NA
"Mergellus albellus","Fugler","Animalia/Chordata/Aves/Anseriformes/Anatidae/Mergellus/albellus",TRUE,FALSE,"Kept in red-list analysis (no Norwegian name hit in SVO seabird navn)",NA
"Pagophila eburnea","Fugler","Animalia/Chordata/Aves/Charadriiformes/Laridae/Pagophila/eburnea",TRUE,TRUE,"Removed from Species Occurrence red-list analysis; flagged on SVO Seabird layers","Red-list seabird listed among SVO seabird miljøverdi navn attributes (gruppe=Sjøfugl / art_eng=Seabirds)"
"Phalaropus lobatus","Fugler","Animalia/Chordata/Aves/Charadriiformes/Scolopacidae/Phalaropus/lobatus",TRUE,FALSE,"Kept in red-list analysis (no Norwegian name hit in SVO seabird navn)",NA
"Podiceps auritus","Fugler","Animalia/Chordata/Aves/Podicipediformes/Podicipedidae/Podiceps/auritus",TRUE,FALSE,"Kept in red-list analysis (no Norwegian name hit in SVO seabird navn)",NA
"Polysticta stelleri","Fugler","Animalia/Chordata/Aves/Anseriformes/Anatidae/Polysticta/stelleri",TRUE,TRUE,"Removed from Species Occurrence red-list analysis; flagged on SVO Seabird layers","Red-list seabird listed among SVO seabird miljøverdi navn attributes (gruppe=Sjøfugl / art_eng=Seabirds)"
"Rissa tridactyla","Fugler","Animalia/Chordata/Aves/Charadriiformes/Laridae/Rissa/tridactyla",TRUE,TRUE,"Removed from Species Occurrence red-list analysis; flagged on SVO Seabird layers","Red-list seabird listed among SVO seabird miljøverdi navn attributes (gruppe=Sjøfugl / art_eng=Seabirds)"
"Somateria mollissima","Fugler","Animalia/Chordata/Aves/Anseriformes/Anatidae/Somateria/mollissima",TRUE,TRUE,"Removed from Species Occurrence red-list analysis; flagged on SVO Seabird layers","Red-list seabird listed among SVO seabird miljøverdi navn attributes (gruppe=Sjøfugl / art_eng=Seabirds)"
"Stercorarius longicaudus","Fugler","Animalia/Chordata/Aves/Charadriiformes/Stercorariidae/Stercorarius/longicaudus",TRUE,TRUE,"Removed from Species Occurrence red-list analysis; flagged on SVO Seabird layers","Red-list seabird listed among SVO seabird miljøverdi navn attributes (gruppe=Sjøfugl / art_eng=Seabirds)"
"Stercorarius parasiticus","Fugler","Animalia/Chordata/Aves/Charadriiformes/Stercorariidae/Stercorarius/parasiticus",TRUE,TRUE,"Removed from Species Occurrence red-list analysis; flagged on SVO Seabird layers","Red-list seabird listed among SVO seabird miljøverdi navn attributes (gruppe=Sjøfugl / art_eng=Seabirds)"
"Sterna hirundo","Fugler","Animalia/Chordata/Aves/Charadriiformes/Laridae/Sterna/hirundo",TRUE,TRUE,"Removed from Species Occurrence red-list analysis; flagged on SVO Seabird layers","Red-list seabird listed among SVO seabird miljøverdi navn attributes (gruppe=Sjøfugl / art_eng=Seabirds)"
"Tachybaptus ruficollis","Fugler","Animalia/Chordata/Aves/Podicipediformes/Podicipedidae/Tachybaptus/ruficollis",TRUE,FALSE,"Kept in red-list analysis (no Norwegian name hit in SVO seabird navn)",NA
"Uria lomvia","Fugler","Animalia/Chordata/Aves/Charadriiformes/Alcidae/Uria/lomvia",TRUE,TRUE,"Removed from Species Occurrence red-list analysis; flagged on SVO Seabird layers","Red-list seabird listed among SVO seabird miljøverdi navn attributes (gruppe=Sjøfugl / art_eng=Seabirds)"
"Uria aalge","Fugler","Animalia/Chordata/Aves/Charadriiformes/Alcidae/Uria/aalge",TRUE,TRUE,"Removed from Species Occurrence red-list analysis; flagged on SVO Seabird layers","Red-list seabird listed among SVO seabird miljøverdi navn attributes (gruppe=Sjøfugl / art_eng=Seabirds)"
"Xema sabini","Fugler","Animalia/Chordata/Aves/Charadriiformes/Laridae/Xema/sabini",TRUE,TRUE,"Removed from Species Occurrence red-list analysis; flagged on SVO Seabird layers","Red-list seabird listed among SVO seabird miljøverdi navn attributes (gruppe=Sjøfugl / art_eng=Seabirds)"
