navn;karttype;foresl_svo;kode_rappo;rodliste;okosystem;kilde;art_latin;art_eng;kart_eng;okosys_eng;unikhet;livsviktig;truede;saarbarhet;bioprod_;mangfold;naturlig;oppdatert;gyldig_fra;gyldig_til;wms_kode;gruppe;group
Sjøfugl - Vikna-Vega med Sklinnabanken;Område som dekker verdensarvområdet Vega, Sklinnabanken og grunnere havområder rundt som er viktige beiteområder for sjøfugl;NH6;SF1;LC-CR;Norskehavet;NINA;NA;Seabirds;Breeding area;Norwegian Sea;M;H;H;H;NA;M;NA;16.06.2021;31.12.2021;30.12.2022;0;Sjøfugl;Seabirds
Sjøfugl - Ærfugl, praktærfugl, stellerand, makrellterne, rødnebbterne, storjo, fjelljo, tyvjo, gråmåke, svartbak, sildemåke, fiskemåke, polarlomvi, lomvi, alke, lunde, havsule;Leveområde;BH2;BH2;NT-CR;Barentshavet;Norsk Polarinstitutt;NA;Seabirds;Breeding area;Barents Sea;H;H;H;H;L;M;NA;16.06.2021;28.02.2022;30.08.2022;0;Sjøfugl;Seabirds
Sjøfugl - Ærfugl, praktærfugl, stellerand, makrellterne, rødnebbterne, storjo, fjelljo, tyvjo, gråmåke, svartbak, sildemåke, fiskemåke, polarlomvi, lomvi, alke, lunde, havsule;Hekkeområde;BH4;SF1;LC-CR;Barentshavet;NINA;NA;Seabirds;Breeding area;Barents Sea;H;H;H;M;NA;H;NA;16.06.2021;28.02.2022;29.09.2022;0;Sjøfugl;Seabirds
Sjøfugl - Ærfugl, praktærfugl, stellerand, makrellterne, rødnebbterne, storjo, fjelljo, tyvjo, gråmåke, svartbak, sildemåke, fiskemåke, polarlomvi, lomvi, alke, lunde, havsule;Hekkeområde;BH5;SF1;LC-CR;Barentshavet;NINA;NA;Seabirds;Breeding area;Barents Sea;H;H;H;M;L;H;NA;16.06.2021;28.02.2022;29.09.2022;0;Sjøfugl;Seabirds
Sjøfugl - Havområdene rundt Svalbard, inkludert Bjørnøya;Hekkeområde - Utvidelse av området for å dekke beiteområdene til pelagisk beitende sjøfugl;"BH1;BH2";SF1;NT-CR;Barentshavet;Norsk Polarinstitutt;NA;Seabirds;Breeding area;Barents Sea;H;H;H;H;L;H;M;16.06.2021;28.02.2022;30.08.2022;0;Sjøfugl;Seabirds
Sjøfugl på Hopen, inkludert beiteområder rundt øya;Hekkeområde - Området dekker hekkekoloni og beiteområdene til pelagiisk beitende sjøfugl;"BH1;BH2";SF1;NT-CR;Barentshavet;Norsk Polarinstitutt;NA;Seabirds;Breeding area;Barents Sea;H;H;H;H;L;H;M;16.06.2021;28.02.2022;30.08.2022;0;Sjøfugl;Seabirds
Sjøfugl - Storfjordområdet, Stellingfjellet og Kovalskifjellet med beiteområder for pelagiske art;Hekkeområde - De største ansamlingene av polarlomvi på Svalbard, mer enn 250 000 par hekker i disse koloniene;"BH1;BH2";SF1;NT-CR;Barentshavet;Norsk Polarinstitutt;NA;Seabirds;Breeding area;Barents Sea;H;H;H;H;L;H;M;16.06.2021;28.02.2022;30.08.2022;0;Sjøfugl;Seabirds
Sjøfugl - Hinlopen;Hekkeområde -  Viktig hekkeområde for polarlomvi, krykkje og alkekonge mf.fl, inkludert beiteområde for pelagiske arter.;"BH1;BH2";SF1;NT-CR;Barentshavet;Norsk Polarinstitutt;NA;Seabirds;Breeding area;Barents Sea;H;H;H;H;L;H;M;16.06.2021;28.02.2022;30.08.2022;0;Sjøfugl;Seabirds
Sjøfugl - Forlandet;Hekkeområde - Svært viktig sjøfuglområde som dekker Forlandet og Kongsfjorden;"BH1;BH2";SF1;NT-CR;Barentshavet;Norsk Polarinstitutt;NA;Seabirds;Breeding area;Barents Sea;H;H;H;H;L;H;M;16.06.2021;28.02.2022;30.08.2022;0;Sjøfugl;Seabirds
Sjøfugl - Nordvestspitsbergen;Hekkeområde for polarlomvi, krykkje, alkekonge m.fl. inkludert beiteområdene til havs.;"BH1;BH2";SF1;NT-CR;Barentshavet;Norsk Polarinstitutt;NA;Seabirds;Breeding area;Barents Sea;H;H;H;H;L;H;M;16.06.2021;28.02.2022;30.08.2022;0;Sjøfugl;Seabirds
Sjøfugl - Storfjordområdet, Edgeøya med Negerpynten;Hekkeområde - Viktig område for en rekke pelagiske og kystnære sjøfugl.;"BH1;BH2";SF1;NT-CR;Barentshavet;Norsk Polarinstitutt;NA;Seabirds;Breeding area;Barents Sea;H;H;H;H;L;H;M;16.06.2021;28.02.2022;30.08.2022;0;Sjøfugl;Seabirds
Sjøfugl - Hornsundområdet;Hekkeområde - Store kolonier med alkekonge, men også krykkje og polarlomvi;"BH1;BH2";SF1;NT-CR;Barentshavet;Norsk Polarinstitutt;NA;Seabirds;Breeding area;Barents Sea;H;H;H;H;L;H;M;16.06.2021;28.02.2022;30.08.2022;0;Sjøfugl;Seabirds
Sjøfugl - Isfjorden;Hekkeområde - Svært viktig område for sjøfugl, spesielt polarlomvi, alkekonge og krykkje, men også havhest, ærfugl mfl.;"BH1;BH2";SF1;NT-CR;Barentshavet;Norsk Polarinstitutt;NA;Seabirds;Breeding area;Barents Sea;H;H;H;H;L;H;M;16.06.2021;28.02.2022;30.08.2022;0;Sjøfugl;Seabirds
Sjøfugl - Kong Karls Land;Viktig hekkeområde for polarlomvi, krykkje og alkekonge mf.fl, inkludert beiteområde for pelagiske arter.;"BH1;BH2";SF1;NT-CR;Barentshavet;Norsk Polarinstitutt;NA;Seabirds;Breeding area;Barents Sea;H;H;H;H;L;H;M;16.06.2021;28.02.2022;30.08.2022;0;Sjøfugl;Seabirds
Sjøfugl - Hekkeområde for rødnebbterne, storjo, fjelljo, tyvjo, ismåke, sabinemåke, rosenmåke, polarmåke, polarlomvi, lomvi, alke, alkekonge, lunde, havhest, havsule;Hekkeområde;BH3;BH3;LC-CR;Barentshavet;NINA, Norsk Polarinstitutt;NA;Seabirds;Breeding area;Barents Sea;M;H;H;H;L;M;NA;16.06.2021;31.05.2022;29.09.2022;0;Sjøfugl;Seabirds
Sjøfugl - Ærfugl, praktærfugl, stellerand, makrellterne, rødnebbterne, storjo, fjelljo, tyvjo, gråmåke, svartbak, sildemåke, fiskemåke, polarlomvi, lomvi, alke, lunde, havsule;Hekkeområde;BH6;SF1;LC-CR;Barentshavet;NINA;NA;Seabirds;Breeding area;Barents Sea;M;H;H;H;L;H;NA;16.06.2021;28.02.2022;29.09.2022;0;Sjøfugl;Seabirds
Ringsel;Leveområde;BH1;BH1;VU;Barentshavet;Norsk Polarinstitutt;Phoca hispida;Ringed seal;Distribution area;Barents Sea;M;H;H;H;H;H;M;16.06.2021;31.12.2021;30.12.2022;1;Sjøpattedyr;Pinnipeds
Hvalross;Leveområde;BH1;BH1;VU;Barentshavet;Havforskningsinstituttet;Odobenus rosmarus;Walrus;Distribution area;Barents Sea;H;H;M;M;M;H;M;16.06.2021;31.12.2021;30.12.2022;1;Sjøpattedyr;Pinnipeds
Egglarvedrift - Lodde, Sild, Torsk, Hyse, Sei, Uer;Driftvei;BH4;BH4;NA;Barentshavet;Havforskningsinstituttet;NA;NA;Drift;Barents Sea;NA;H;M;H;H;H;NA;16.06.2021;28.02.2022;30.07.2022;0;Fisk;Fish_eggs_larvae
Egglarvedrift - Lodde, Sild, Torsk, Hyse, Sei, Uer;Driftvei;BH5;BH5;NA;Barentshavet;Havforskningsinstituttet;NA;NA;Drift;Barents Sea;H;H;M;H;H;H;NA;16.06.2021;28.02.2022;30.07.2022;0;Fisk;Fish_eggs_larvae
Egglarvedrift - Sild, Torsk, Hyse, Sei, Vanlig uer, Snabeluer, Lodde;Driftvei;BH6;BH6;NA;Barentshavet;Havforskningsinstituttet;NA;NA;Drift;Barents Sea;H;H;M;H;H;H;NA;16.06.2021;28.02.2022;30.07.2022;0;Fisk;Fish_eggs_larvae
Finnhval;Beiteområde;BH3;M2;NA;Barentshavet;Norsk Polarinstitutt;NA;Fin whale;Feeding area;Barents Sea;NA;NA;NA;NA;NA;NA;NA;16.06.2021;30.04.2022;29.09.2022;0;Sjøpattedyr;Cetaceans
Finnhval;Beiteområde;BH1;M2;NA;Barentshavet;Norsk Polarinstitutt;NA;Fin whale;Feeding area;Barents Sea;NA;NA;NA;NA;NA;NA;NA;16.06.2021;31.05.2022;30.08.2022;0;Sjøpattedyr;Cetaceans
Nordlig nebbhval;Beiteområde;NH4;NH4;DD;Norskehavet;Havforskningsinstituttet;Hyperoodon ampullatus;Northern bottlenose whale;Feeding area;Norwegian Sea;M;H;H;H;L;H;NA;16.06.2021;31.03.2022;30.08.2022;0;Sjøpattedyr;Cetaceans
Spermhval;Beiteområde;BH1;M1;NA;Barentshavet;Norsk Polarinstitutt;NA;Sperm Whale;Feeding area;Barents Sea;NA;NA;NA;NA;NA;NA;NA;16.06.2021;31.05.2022;29.09.2022;12;Sjøpattedyr;Cetaceans
Spermhval;Beiteområde;BH3;M1;NA;Barentshavet;Norsk Polarinstitutt;NA;Sperm Whale;Feeding area;Barents Sea;NA;NA;NA;NA;NA;NA;NA;16.06.2021;31.05.2022;29.09.2022;12;Sjøpattedyr;Cetaceans
Knølhval;Beiteområde;BH1;BH1;LC;Barentshavet;Havforskningsinstituttet;Megaptera novaeangliae;Humpback whale;Feeding area;Barents Sea;H;H;NA;NA;NA;H;M;16.06.2021;30.04.2022;29.09.2022;12;Sjøpattedyr;Cetaceans
Knølhval;Beiteområde;BH3;BH1;LC;Barentshavet;Havforskningsinstituttet;Megaptera novaeangliae;Humpback whale;Feeding area;Barents Sea;NA;NA;NA;NA;NA;NA;NA;16.06.2021;30.04.2022;29.09.2022;12;Sjøpattedyr;Cetaceans
Nordlig nebbhval;Beiteområde;NH3;NH3;DD;Norskehavet;Havforskningsinstituttet;Hyperoodon ampullatus;Northern bottlenose whale;Feeding area;Norwegian Sea;M;H;H;H;L;H;NA;16.06.2021;31.03.2022;30.08.2022;0;Sjøpattedyr;Cetaceans
Vågehval;Beiteområde;BH1;BH1;LC;Barentshavet;Havforskningsinstituttet;Balaenoptera acutorostrata;Minke whale;Feeding area;Barents Sea;L;H;NA;NA;NA;NA;M;16.06.2021;31.05.2022;02.09.2022;12;Sjøpattedyr;Cetaceans
Spermhval;Beiteområde;NH8;NH8;VU;Norskehavet;Havforskningsinstituttet;Physeter macrocephalus;Sperm whale;Feeding area;Norwegian Sea;L;H;M;L;L;H;NA;16.06.2021;30.04.2022;29.09.2022;0;Sjøpattedyr;Cetaceans
Spekkhogger;Beiteområde;NH6;M1;NA;Norskehavet;Havforskningsinstituttet;Orcinus orca;killer whale;Feeding area;Norwegian Sea;NA;NA;NA;NA;NA;NA;NA;16.06.2021;31.12.2021;28.02.2022;0;Sjøpattedyr;Cetaceans
Spekkhogger;Beiteområde;NH7;M1,b;NA;Norskehavet;Havforskningsinstituttet;Orcinus orca;killer whale;Feeding area;Norwegian Sea;NA;NA;NA;NA;NA;NA;NA;16.06.2021;31.12.2021;28.02.2022;0;Sjøpattedyr;Cetaceans
Brugde;Beiteområde;NH6;NH6;EN;Norskehavet;Havforskningsinstituttet;Cetorhinus maximus;Basking shark;Feeding area;Norwegian Sea;H;M;H;H;L;H;NA;16.06.2021;30.04.2022;29.09.2022;0;Fisk;Fish
Brugde;Beiteområde;NH7;NH7;EN;Norskehavet;Havforskningsinstituttet;Cetorhinus maximus;Basking shark;Feeding area;Norwegian Sea;NA;NA;L;L;NA;NA;NA;16.06.2021;30.04.2022;29.09.2022;0;Fisk;Fish
Håbrann;Beiteområde;NH7;NH7;VU;Norskehavet;Havforskningsinstituttet;Lamna nasus;porbeagle;Feeding area;Norwegian Sea;NA;L;L;L;NA;NA;NA;16.06.2021;31.12.2021;30.12.2022;0;Fisk;Fish
Sild (Clupea harengus) og makrell (Scomber scombrus)), øyepål (Trisopterusiesmarkii), kolmule (Micromesistius poutassou) og skolest (Coryphaenoides rupestris);Beiteområde;NS3;NS3;NA;Nordsjøen og Skagerrak;Havforskningsinstituttet;NA;Fish;Feeding area;North Sea and Skagerrak;H;H;NA;H;H;L;NA;16.06.2021;31.12.2021;30.12.2022;0;Fisk;Fish
Lodde;Beiteområde;BH1;F1;NA;Barentshavet;Havforskningsinstituttet;Mallotus villosus;Capelin;Feeding area;Barents Sea;M;H;H;M;H;H;NA;16.06.2021;31.05.2022;30.10.2022;0;Fisk;Fish
Brugde;Beiteområde;BH6;BH6;EN;Barentshavet;Havforskningsinstituttet;Cetorhinus maximus;Basking shark;Feeding area;Barents Sea;H;H;H;H;L;H;NA;16.06.2021;31.05.2022;30.10.2022;0;Fisk;Fish
Havert;Beiteområde;"BH4;BH5;BH6";M2;VU;Barentshavet;Havforskningsinstituttet;Halichoerus grypus;Gray seal;Feeding area;Barents Sea;NA;H;NA;NA;NA;NA;NA;16.06.2021;30.11.2022;30.01.2023;0;Sjøpattedyr;Pinnipeds
Havert;Beiteområde;"BH4;BH5;BH6";M2;VU;Barentshavet;Havforskningsinstituttet;Halichoerus grypus;Gray seal;Feeding area;Barents Sea;NA;H;NA;NA;NA;NA;NA;16.06.2021;30.04.2022;29.09.2022;0;Sjøpattedyr;Pinnipeds
Havert;Beiteområde;"NH5;NH6;NH7";M2;VU;Norskehavet;Havforskningsinstituttet;Halichoerus grypus;Gray seal;Feeding area;Norwegian Sea;NA;H;NA;NA;NA;NA;NA;16.06.2021;30.11.2022;30.01.2023;0;Sjøpattedyr;Pinnipeds
Havert;Beiteområde;"NH5;NH6;NH7";M2;VU;Norskehavet;Havforskningsinstituttet;Halichoerus grypus;Gray seal;Feeding area;Norwegian Sea;NA;H;NA;NA;NA;NA;NA;16.06.2021;30.04.2022;29.09.2022;0;Sjøpattedyr;Pinnipeds
Havert;Beiteområde;"NS1;NS2";M2;VU;Nordsjøen og Skagerrak;Havforskningsinstituttet;Halichoerus grypus;Gray seal;Feeding area;North Sea and Skagerrak;L;H;NA;NA;M;L;NA;16.06.2021;30.04.2022;30.08.2022;0;Sjøpattedyr;Pinnipeds
Havert;Beiteområde;"NS1;NS2";M2;VU;Nordsjøen og Skagerrak;Havforskningsinstituttet;Halichoerus grypus;Gray seal;Feeding area;North Sea and Skagerrak;L;H;NA;NA;M;L;NA;16.06.2021;30.11.2022;30.01.2023;0;Sjøpattedyr;Pinnipeds
Klappmyss;Beiteområde;"NH2;NH3;NH4;NH5";M1-2;EN;Norskehavet;Norsk Polarinstitutt/Havforskningsinstituttet;Cystophora cristata;Hooded Seal;Feeding area;Norwegian Sea;H;H;H;H;M;M;M;16.06.2021;31.03.2022;29.04.2022;0;Sjøpattedyr;Pinnipeds
Klappmyss;Beiteområde;"NH2;NH3;NH4;NH5";M1-2;EN;Norskehavet;Norsk Polarinstitutt/Havforskningsinstituttet;Cystophora cristata;Hooded Seal;Feeding area;Norwegian Sea;H;H;H;H;M;M;M;16.06.2021;30.06.2022;27.02.2023;0;Sjøpattedyr;Pinnipeds
Klappmyss;Beiteområde;BH6;M1-2;EN;Barentshavet;Norsk Polarinstitutt/Havforskningsinstituttet;Cystophora cristata;Hooded Seal;Feeding area;Barents Sea;H;H;H;H;M;M;M;16.06.2021;31.03.2022;29.04.2023;1;Sjøpattedyr;Pinnipeds
Klappmyss;Beiteområde;BH6;M1-2;EN;Barentshavet;Norsk Polarinstitutt/Havforskningsinstituttet;Cystophora cristata;Hooded Seal;Feeding area;Barents Sea;H;H;H;H;M;M;M;16.06.2021;30.06.2022;27.02.2023;1;Sjøpattedyr;Pinnipeds
Grønlandsel;Kasteområde;NH2;M2;NA;Norskehavet;Havforskningsinstituttet;Pagophilus groenlandicus;Harp seal;Feeding area;Norwegian Sea;H;H;H;H;M;M;M;16.06.2021;28.02.2022;29.04.2023;0;Sjøpattedyr;Pinnipeds
Grønlandsel;Hårfellingsområde;NH2;M2;NA;Norskehavet;Havforskningsinstituttet;Pagophilus groenlandicus;Harp seal;Feeding area;Norwegian Sea;H;H;H;H;M;M;M;16.06.2021;31.03.2022;29.06.2022;0;Sjøpattedyr;Pinnipeds
Grønlandsel;Beiteområde;"NH2;NH3;NH1";M2;NA;Norskehavet;Havforskningsinstituttet;Pagophilus groenlandicus;Harp seal;Feeding area;Norwegian Sea;H;H;H;H;M;M;M;16.06.2021;31.03.2022;29.04.2022;0;Sjøpattedyr;Pinnipeds
Grønlandsel;Beiteområde;"NH2;NH3;NH1";M2;NA;Norskehavet;Havforskningsinstituttet;Pagophilus groenlandicus;Harp seal;Feeding area;Norwegian Sea;H;H;H;H;M;M;M;16.06.2021;30.06.2022;30.03.2023;0;Sjøpattedyr;Pinnipeds
Grønlandsel;Beiteområde;"BH1;BH4;BH5;BH7";M2;NA;Barentshavet;Havforskningsinstituttet;Pagophilus groenlandicus;Harp seal;Feeding area;Barents Sea;H;H;H;H;M;M;M;16.06.2021;30.06.2022;30.03.2023;0;Sjøpattedyr;Pinnipeds
Klappmyss;Beiteområde;"NH2;NH3;NH4;NH5";M1-2;EN;Norskehavet;Norsk Polarinstitutt/Havforskningsinstituttet;Cystophora cristata;Hooded Seal;Feeding area;Norwegian Sea;H;H;H;H;M;M;M;16.06.2021;31.03.2022;29.04.2022;0;Sjøpattedyr;Pinnipeds
Klappmyss;Beiteområde;"NH2;NH3;NH4;NH5";M1-2;EN;Norskehavet;Norsk Polarinstitutt/Havforskningsinstituttet;Cystophora cristata;Hooded Seal;Feeding area;Norwegian Sea;H;H;H;H;M;M;M;16.06.2021;30.06.2022;27.02.2023;0;Sjøpattedyr;Pinnipeds
Klappmyss;Beiteområde;BH6;M1-2;EN;Barentshavet;Norsk Polarinstitutt/Havforskningsinstituttet;Cystophora cristata;Hooded Seal;Feeding area;Barents Sea;H;H;H;H;M;M;M;16.06.2021;31.03.2022;29.04.2023;1;Sjøpattedyr;Pinnipeds
Klappmyss;Beiteområde;BH6;M1-2;EN;Barentshavet;Norsk Polarinstitutt/Havforskningsinstituttet;Cystophora cristata;Hooded Seal;Feeding area;Barents Sea;H;H;H;H;M;M;M;16.06.2021;30.06.2022;27.02.2023;1;Sjøpattedyr;Pinnipeds
Steinkobbe;Beiteområde;BH1;BH1;NT;Barentshavet;Havforskningsinstituttet;Phoca vitulina;Harbour seal, common seal;Feeding area;Barents Sea;H;H;L;M;H;H;H;16.06.2021;31.12.2021;30.12.2022;0;Sjøpattedyr;Pinnipeds
Steinkobbe;Beiteområde;"NH6;NH7";M1;NT;Norskehavet;Havforskningsinstituttet;Phoca vitulina;Harbour seal, common seal;Feeding area;Norwegian Sea;NA;H;NA;NA;NA;NA;NA;16.06.2021;30.06.2022;30.07.2022;0;Sjøpattedyr;Pinnipeds
Steinkobbe;Beiteområde;"NH6;NH7";M1;NT;Norskehavet;Havforskningsinstituttet;Phoca vitulina;Harbour seal, common seal;Feeding area;Norwegian Sea;NA;H;NA;NA;NA;NA;NA;16.06.2021;31.08.2022;30.05.2023;0;Sjøpattedyr;Pinnipeds
Steinkobbe;Beiteområde;"NS1;NS3;NS4";M1;NT;Nordsjøen og Skagerrak;Havforskningsinstituttet;Phoca vitulina;Harbour seal, common seal;Feeding area;North Sea and Skagerrak;L;H;NA;NA;M;L;NA;16.06.2021;30.06.2022;30.07.2022;0;Sjøpattedyr;Pinnipeds
Steinkobbe;Beiteområde;"NS1;NS3;NS4";M1;NT;Nordsjøen og Skagerrak;Havforskningsinstituttet;Phoca vitulina;Harbour seal, common seal;Feeding area;North Sea and Skagerrak;L;H;NA;NA;M;L;NA;16.06.2021;31.08.2022;30.05.2023;0;Sjøpattedyr;Pinnipeds
Sjøfugl - SVO Mørebankene;Utvidelse av området for å dekke beiteområdene til pelagisk beitende sjøfugl på Nordvestlandet, spesielt Runde men også kolonier i nordre Sogn og Fjo;NH7;SF1;LC-CR;Norskehavet;NINA;NA;Seabirds;Feeding area;Norwegian Sea;M;H;H;M;M;H;NA;16.06.2021;31.12.2021;30.12.2022;0;Sjøfugl;Seabirds
Sjøfugl - SVO Ytre Oslofjord;Utvidelse av området for å ta med Jomfruland og i forhold til sjøfuglressursergjennom hele året;NS4;SF1;NA;Nordsjøen og Skagerrak;NINA;NA;Seabirds;Feeding area;North Sea and Skagerrak;NA;NA;NA;NA;NA;NA;NA;16.06.2021;31.12.2021;30.12.2022;0;Sjøfugl;Seabirds
Sjøfugl - SVO Kystnære områder for øvrig, fra Tromsøflaket til grensen mot Russland;Utvidelse av området for å dekke beiteområdene til pelagisk beitende sjøfugl;BH4;SF1;LC-CR;Barentshavet;NINA;NA;Seabirds;Feeding area;Barents Sea;H;H;H;H;M;NA;H;16.06.2021;28.02.2022;29.09.2022;0;Sjøfugl;Seabirds
Sjøfugl - SVO Tromsøflaket utvidelse;Utvidelse av Tromsøflaket for å dekke beiteområdene til pelagisk beitende sjøfugl på Sørfugløya og Nordfugløya;BH5;SF1;NA;Barentshavet;NINA;NA;Seabirds;Feeding area;Barents Sea;NA;NA;NA;H;NA;NA;NA;16.06.2021;31.12.2021;30.12.2022;0;Sjøfugl;Seabirds
Sjøfugl - Havområdene rundt Svalbard, inkludert Bjørnøya;Beiteområde - Utvidelse av området for å dekke beiteområdene til pelagisk beitende sjøfugl;"BH1;BH2";SF1;NT-CR;Barentshavet;Norsk Polarinstitutt;NA;Seabirds;Feeding area;Barents Sea;H;H;H;H;L;H;M;16.06.2021;28.02.2022;30.08.2022;0;Sjøfugl;Seabirds
Sjøfugl på Hopen, inkludert beiteområder rundt øya;Beiteområde -  Området dekker hekkekoloni og beiteområdene til pelagiisk beitende sjøfugl;"BH1;BH2";SF1;NT-CR;Barentshavet;Norsk Polarinstitutt;NA;Seabirds;Feeding area;Barents Sea;H;H;H;H;L;H;M;16.06.2021;28.02.2022;30.08.2022;0;Sjøfugl;Seabirds
Sjøfugl - Storfjordområdet, Stellingfjellet og Kovalskifjellet med beiteområder for pelagiske art;Beiteområde -  De største ansamlingene av polarlomvi på Svalbard, mer enn 250 000 par hekker i disse koloniene;"BH1;BH2";SF1;NT-CR;Barentshavet;Norsk Polarinstitutt;NA;Seabirds;Feeding area;Barents Sea;H;H;H;H;L;H;M;16.06.2021;28.02.2022;30.08.2022;0;Sjøfugl;Seabirds
Sjøfugl - Hinlopen;Beiteområde;"BH1;BH2";SF1;NT-CR;Barentshavet;Norsk Polarinstitutt;NA;Seabirds;Feeding area;Barents Sea;H;H;H;H;L;H;M;16.06.2021;28.02.2022;30.08.2022;0;Sjøfugl;Seabirds
Sjøfugl - Forlandet;Beiteområde - Svært viktig sjøfuglområde som dekker Forlandet og Kongsfjorden;"BH1;BH2";SF1;NT-CR;Barentshavet;Norsk Polarinstitutt;NA;Seabirds;Feeding area;Barents Sea;H;H;H;H;L;H;M;16.06.2021;28.02.2022;30.08.2022;0;Sjøfugl;Seabirds
Sjøfugl - Nordvestspitsbergen;Beiteområde - Hekkeområde for polarlomvi, krykkje, alkekonge m.fl. inkludert beiteområdene til havs.;"BH1;BH2";SF1;NT-CR;Barentshavet;Norsk Polarinstitutt;NA;Seabirds;Feeding area;Barents Sea;H;H;H;H;L;H;M;16.06.2021;28.02.2022;30.08.2022;0;Sjøfugl;Seabirds
Sjøfugl - Storfjordområdet, Edgeøya med Negerpynten;Beiteområde - Viktig område for en rekke pelagiske og kystnære sjøfugl.;"BH1;BH2";SF1;NT-CR;Barentshavet;Norsk Polarinstitutt;NA;Seabirds;Feeding area;Barents Sea;H;H;H;H;L;H;M;16.06.2021;28.02.2022;30.08.2022;0;Sjøfugl;Seabirds
Sjøfugl - Hornsundområdet;Beiteområde - Store kolonier med alkekonge, men også krykkje og polarlomvi;"BH1;BH2";SF1;NT-CR;Barentshavet;Norsk Polarinstitutt;NA;Seabirds;Feeding area;Barents Sea;H;H;H;H;L;H;M;16.06.2021;28.02.2022;30.08.2022;0;Sjøfugl;Seabirds
Sjøfugl - Isfjorden;Beiteområde - Svært viktig område for sjøfugl, spesielt polarlomvi, alkekonge og krykkje, men også havhest, ærfugl mfl.;"BH1;BH2";SF1;NT-CR;Barentshavet;Norsk Polarinstitutt;NA;Seabirds;Feeding area;Barents Sea;H;H;H;H;L;H;M;16.06.2021;28.02.2022;30.08.2022;0;Sjøfugl;Seabirds
Sjøfugl - Kong Karls Land;Beiteområde -  Viktig hekkeområde for polarlomvi, krykkje og alkekonge mf.fl, inkludert beiteområde for pelagiske arter.;"BH1;BH2";SF1;NT-CR;Barentshavet;Norsk Polarinstitutt;NA;Seabirds;Feeding area;Barents Sea;H;H;H;H;L;H;M;16.06.2021;28.02.2022;30.08.2022;0;Sjøfugl;Seabirds
Sjøfugl - SVO Jan Mayen med Vesterisen;Utvidelse av området for å dekke beiteområdene til pelagisk beitende sjøfugl;NH3;SF1;NT-CR;Norskehavet;Norsk Polarinstitutt;NA;Seabirds;Feeding area;Norwegian Sea;M;H;H;M;NA;M;L;16.06.2021;28.02.2022;30.12.2022;0;Sjøfugl;Seabirds
Sjøfugl - Leveområde;Leveområde;BH3;BH3;LC-CR;Barentshavet;NINA, Norsk Polarinstitutt;NA;Seabirds;Feeding area;Barents Sea;M;H;H;H;NA;M;NA;16.06.2021;31.05.2022;29.09.2022;0;Sjøfugl;Seabirds
Sjøfugl - SVO Lofoten til Tromsøflaket;Området er kuttet i nord i samsvar med utvidelse av Tromsøflaket, og økt i sør for å dekke beietområdene til sjøfuglkoloniene på Fuglenykene, Røst;BH6;SF1;NA;Barentshavet;NINA;NA;Seabirds;Feeding area;Barents Sea;NA;NA;NA;H;NA;NA;NA;16.06.2021;31.12.2021;30.12.2022;0;Sjøfugl;Seabirds
Planteplankton;Høy produksjon;NH1;NH1;NA;Norskehavet;Havforskningsinstituttet;NA;NA;High concentration;Norwegian Sea;NA;NA;NA;NA;L;NA;NA;16.06.2021;31.03.2022;29.09.2022;0;Plankton;Phytoplankton
Dyreplankton;Høy konsentrasjon;NH5;NH5;NA;Norskehavet;Havforskningsinstituttet;NA;Zooplankton;High concentration;Norwegian Sea;NA;NA;NA;NA;L;NA;NA;16.06.2021;31.01.2022;30.10.2022;0;Plankton;Zooplankton
Dyreplankton;Høy produksjon;NS1;NS1;NA;Nordsjøen og Skagerrak;Havforskningsinstituttet;NA;Zooplankton;High concentration;North Sea and Skagerrak;NA;NA;NA;NA;L;L;NA;16.06.2021;31.01.2022;30.10.2022;0;Plankton;Zooplankton
Dyreplankton;Høy konsentrasjon;NS2;NS2;NA;Nordsjøen og Skagerrak;Havforskningsinstituttet;NA;Zooplankton;High concentration;North Sea and Skagerrak;L;NA;NA;NA;L;NA;NA;16.06.2021;31.01.2022;30.10.2022;0;Plankton;Zooplankton
Planteplankton;Høy produksjon;NS4;NS4;NA;Nordsjøen og Skagerrak;Havforskningsinstituttet;NA;NA;High production;North Sea and Skagerrak;NA;NA;NA;NA;L;NA;NA;16.06.2021;31.01.2022;29.09.2022;0;Plankton;Phytoplankton
Planteplankton;Høy produksjon;BH1;BH1;NA;Barentshavet;Havforskningsinstituttet;NA;NA;High production;Barents Sea;L;NA;NA;NA;M;L;NA;16.06.2021;31.03.2022;29.06.2022;0;Plankton;Phytoplankton
Planteplankton;Høy produksjon og biologisk mangfold;BH2;BH2;NA;Barentshavet;Havforskningsinstituttet;NA;NA;High production;Barents Sea;NA;NA;NA;NA;H;M;NA;16.06.2021;31.03.2022;29.06.2022;0;Plankton;Phytoplankton
Planteplankton;Høy produksjon;BH4;BH4;NA;Barentshavet;Havforskningsinstituttet;NA;NA;High production;Barents Sea;NA;NA;NA;NA;L;NA;NA;16.06.2021;31.03.2022;29.06.2022;0;Plankton;Phytoplankton
Planteplankton;Høy produksjon;BH5;BH5;NA;Barentshavet;Havforskningsinstituttet;NA;NA;High production;Barents Sea;NA;NA;NA;NA;L;NA;NA;16.06.2021;31.03.2022;30.08.2022;0;Plankton;Phytoplankton
Planteplankton;Høy produksjon;BH6;BH6;NA;Barentshavet;Havforskningsinstituttet;NA;NA;High production;Barents Sea;NA;NA;NA;NA;L;NA;NA;16.06.2021;28.02.2022;29.09.2022;0;Plankton;Phytoplankton
Dyreplankton;Høy produksjon;NH6;NH6;NA;Norskehavet;Havforskningsinstituttet;NA;Zooplankton;High production;Norwegian Sea;NA;NA;NA;NA;L;NA;NA;16.06.2021;31.01.2022;30.10.2022;0;Plankton;Zooplankton
Dyreplankton;Høy produksjon;NH7;NH7;NA;Norskehavet;Havforskningsinstituttet;NA;Zooplankton;High production;Norwegian Sea;NA;NA;NA;NA;L;NA;NA;16.06.2021;31.01.2022;30.10.2022;0;Plankton;Zooplankton
Dyreplankton;Høy produksjon;BH1;P1;NA;Barentshavet;Havforskningsinstituttet;NA;Zooplankton;High production;Barents Sea;L;NA;NA;NA;NA;NA;NA;16.06.2021;31.05.2022;29.09.2022;0;Plankton;Zooplankton
Dyreplankton;Høy produksjon og biologisk mangfold;BH2;BH2;NA;Barentshavet;Havforskningsinstituttet;NA;Zooplankton;High production;Barents Sea;H;H;H;M;H;H;H;16.06.2021;31.12.2021;30.12.2022;0;Plankton;Zooplankton
Dyreplankton;Høy produksjon;BH4;BH4;NA;Barentshavet;Havforskningsinstituttet;NA;zooplankton;High production;Barents Sea;NA;NA;NA;NA;M;NA;NA;16.06.2021;31.05.2022;29.09.2022;0;Plankton;Zooplankton
Dyreplankton;Høy produksjon;BH5;BH5;NA;Barentshavet;Havforskningsinstituttet;NA;zooplankton;High production;Barents Sea;M;M;NA;NA;M;NA;NA;16.06.2021;28.02.2022;29.09.2022;0;Plankton;Zooplankton
Dyreplankton;Høy produksjon;BH7;BH7;NA;Barentshavet;Havforskningsinstituttet;NA;NA;High production;Barents Sea;L;NA;NA;NA;M;NA;NA;16.06.2021;31.05.2022;29.09.2022;1;Plankton;Zooplankton
Dyreplankton;Høy produksjon;BH3;BH3;NA;Barentshavet;Havforskningsinstituttet;NA;zooplankton;High production;Barents Sea;M;NA;NA;NA;H;NA;NA;16.06.2021;31.05.2022;29.09.2022;0;Plankton;Zooplankton
Bambuskorall og sjøfjær;Leveområde;NS3;B1;NT;Nordsjøen og Skagerrak;Havforskningsinstituttet;NA;NA;Living area;North Sea and Skagerrak;M;M;H;H;M;H;H;16.06.2021;31.12.2021;30.12.2022;1;Bunnsamfunn;Bamboo_coral_sea_feathers
Bunnsamfunn;Rikt bunnsamfunn;BH1;B1;NA;Barentshavet;Havforskningsinstituttet;NA;Benthos;Living area;Barents Sea;H;NA;NA;H;M;H;H;16.06.2021;31.12.2021;30.12.2022;1;Bunnsamfunn;Benthic_communities
Bløtbunnskorallskog;Leveområde;BH3;B2;EN;Barentshavet;Havforskningsinstituttet;Radicipes gracilis;Pigtail coral;Living area;Barents Sea;H;M;H;H;M;M;H;16.06.2021;31.12.2021;30.12.2022;1;Bunnsamfunn;Benthic_communities
Bunnsamfunn, andre sårbare bunndyr;Leveområde;NH4;NH4;NA;Norskehavet;Havforskningsinstituttet;NA;NA;Living area;Norwegian Sea;H;M;H;H;M;M;H;16.06.2021;31.12.2021;30.12.2022;1;Bunnsamfunn;Benthic_communities
Dypvannssjøfjær;Leveområde;BH3;B3;LC;Barentshavet;Havforskningsinstituttet;Umbellula encrinus;Umbellula stands potential area;Living area;Barents Sea;M;M;M;H;L;M;H;16.06.2021;31.12.2021;30.12.2022;1;Bunnsamfunn;Benthic_communities
Dypvannssjøfjær;Leveområde;BH6;B3;LC;Barentshavet;Havforskningsinstituttet;Umbellula encrinus;Umbellula stands potential area;Living area;Barents Sea;M;M;M;H;L;M;H;16.06.2021;31.12.2021;30.12.2022;1;Bunnsamfunn;Benthic_communities
Dypvannssjøfjær;Leveområde;NH5;B3;LC;Norskehavet;Havforskningsinstituttet;Umbellula encrinus;Umbellula stands potential area;Living area;Norwegian Sea;M;M;M;H;L;M;H;16.06.2021;31.12.2021;30.12.2022;1;Bunnsamfunn;Benthic_communities
Glassvampbestander;Leveområde;BH6;B4;NA;Barentshavet;Havforskningsinstituttet;NA;NA;Living area;Barents Sea;M;M;M;H;M;H;H;16.06.2021;31.12.2021;30.12.2022;1;Bunnsamfunn;Benthic_communities
Hardbunns-svampsamfunn;Leveområde;BH3;B5;NA;Barentshavet;Havforskningsinstituttet;NA;Hard-bottom sponge aggregation potential area;Living area;Barents Sea;L;M;M;H;M;H;H;16.06.2021;31.12.2021;30.12.2022;1;Bunnsamfunn;Benthic_communities
Hardbunns-svampsamfunn;Leveområde;BH6;B5;NA;Barentshavet;Havforskningsinstituttet;NA;Hard-bottom sponge aggregation potential area;Living area;Barents Sea;L;M;M;H;M;H;H;16.06.2021;31.12.2021;30.12.2022;1;Bunnsamfunn;Benthic_communities
Hardbunns-svampsamfunn;Leveområde;NH7;B5;NA;Norskehavet;Havforskningsinstituttet;NA;Hard-bottom sponge aggregation potential area;Living area;Norwegian Sea;L;M;H;H;M;H;H;16.06.2021;31.12.2021;30.12.2022;1;Bunnsamfunn;Benthic_communities
Hardbunnskorallskog;Leveområde;"BH3;BH5;BH6";B6;NT;Barentshavet;Havforskningsinstituttet;NA;Hard-bottom coral garden potential area;Living area;Barents Sea;H;M;H;H;M;H;H;16.06.2021;31.12.2021;30.12.2022;1;Bunnsamfunn;Benthic_communities
Hardbunnskorallskog;Leveområde;"NH4;NH5;NH6;NH7";B6;NT;Norskehavet;Havforskningsinstituttet;NA;Hard-bottom coral garden potential area;Living area;Norwegian Sea;H;M;H;H;M;M;H;16.06.2021;31.12.2021;30.12.2022;1;Bunnsamfunn;Benthic_communities
Sjøfjærbunn;Leveområde;BH6;B7;NA;Nordsjøen og Skagerrak;Havforskningsinstituttet;NA;NA;Living area;North Sea and Skagerrak;L;M;H;H;M;H;H;16.06.2021;31.12.2021;30.12.2022;1;Bunnsamfunn;Benthic_communities
Svampspikelbunn;Leveområde;BH4;B1;NA;Barentshavet;Havforskningsinstituttet;NA;Sponge-speticulae bed;Living area;Barents Sea;M;M;H;H;H;H;H;16.06.2021;31.12.2021;30.12.2022;1;Bunnsamfunn;Benthic_communities
Svampspikelbunn;Leveområde;BH5;B1;NT;Barentshavet;Havforskningsinstituttet;NA;Sponge-speticulae bed;Living area;Barents Sea;M;M;H;H;H;H;H;16.06.2021;31.12.2021;30.12.2022;1;Bunnsamfunn;Benthic_communities
Svampspikelbunn;Leveområde;BH6;B1;NA;Barentshavet;Havforskningsinstituttet;NA;Sponge-speticulae bed;Living area;Barents Sea;M;M;H;H;H;H;H;16.06.2021;31.12.2021;30.12.2022;1;Bunnsamfunn;Benthic_communities
Grønlandshval;Beiteområde;BH3;M3;EN;Barentshavet;Norsk Polarinstitutt;Balaena mysticetus;bowhead whale;Living area;Barents Sea;NA;NA;NA;NA;NA;NA;NA;16.06.2021;31.12.2021;30.12.2022;0;Sjøpattedyr;Cetaceans
Grønlandshval;Leveområde;BH2;M3;EN;Barentshavet;Norsk Polarinstitutt;Balaena mysticetus;bowhead whale;Living area;Barents Sea;H;H;H;H;H;H;H;16.06.2021;31.12.2021;30.12.2022;0;Sjøpattedyr;Cetaceans
Grønlandshval;Leveområde;NH1;M1;EN;Norskehavet;Norsk Polarinstitutt;Balaena mysticetus;bowhead whale;Living area;Norwegian Sea;H;H;H;H;H;NA;H;16.06.2021;31.12.2021;30.12.2022;0;Sjøpattedyr;Cetaceans
Narhval;Leveområde;BH2;BH2;VU;Barentshavet;Norsk Polarinstitutt;Monodon monoceros;Narwhal;Living area;Barents Sea;H;H;H;H;H;H;H;16.06.2021;31.12.2021;30.12.2022;1;Sjøpattedyr;Cetaceans
Narhval;Leveområde;NH1;NH1;VU;Norskehavet;Norsk Polarinstitutt;Monodon monoceros;Narwhal;Living area;Norwegian Sea;H;H;H;H;H;NA;H;16.06.2021;31.12.2021;30.12.2022;1;Sjøpattedyr;Cetaceans
Hvithval;Leveområde;BH1;BH1;EN;Barentshavet;Norsk Polarinstitutt;Delphinapterus leucas;Beluga Whale;Living area;Barents Sea;H;H;H;H;H;H;M;16.06.2021;31.12.2021;30.12.2022;1;Sjøpattedyr;Cetaceans
Arktisk fiskesamfunn;Leveområde;BH1;BH1;EN;Barentshavet;Havforskningsinstituttet;NA;NA;Living area;Barents Sea;M;H;H;M;H;H;H;16.06.2021;31.12.2021;30.12.2022;1;Fisk;Fish
Glassvampbestander;Leveområde;BH3;B4;NA;Barentshavet;Havforskningsinstituttet;NA;NA;Living area;Barents Sea;M;M;M;H;M;H;H;16.06.2021;31.12.2021;30.12.2022;1;NA;Glass_sponge
Storkobbe;Leveområde;BH1;BH1;NT;Barentshavet;Havforskningsinstituttet;Erignathus barbatus;Bearded Seal;Living area;Barents Sea;M;H;M;M;M;H;M;16.06.2021;31.12.2021;30.12.2022;33;Sjøpattedyr;Pinnipeds
Sjøfugl - ærfugl, makrellterne, rødnebbterne, storjo, tyvjo, krykkje, fiskemåke, gråmåke, svartbak, sildemåke, lomvi, alke, lunde, havsule, havhest;Leveområde;NH5;NH5;LC-CR;Norskehavet;NINA;NA;Seabirds;Living area;Norwegian Sea;NA;H;H;M;NA;M;NA;16.06.2021;31.12.2021;30.12.2022;0;Sjøfugl;Seabirds
Sjøfugl - alke, lomvi, alkekonge, lunde, krykkje, gråmåke, svartbak, sildemåke, makrellterne, rødnebbterne;Leveområde;NS2;NS2;LC-CR;Nordsjøen og Skagerrak;NINA;NA;Seabirds;Living area;North Sea;NA;M;M;NA;NA;M;NA;16.06.2021;31.12.2021;30.12.2022;0;Sjøfugl;Seabirds
Sjøfugl - ærfugl, makrellterne, rødnebbterne, storjo, tyvjo, krykkje, fiskemåke, gråmåke, svartbak, sildemåke, lomvi, alke, lunde, havsule, havhest;Leveområde;NS2;SF1;LC-CR;Nordsjøen og Skagerrak;NINA;NA;Seabirds;Living area;North Sea;L;H;M;H;NA;L;NA;16.06.2021;31.12.2021;30.12.2022;0;Sjøfugl;Seabirds
Sjøfugl - ærfugl, makrellterne, rødnebbterne, storjo, tyvjo, krykkje, fiskemåke, gråmåke, svartbak, sildemåke, lomvi, alke, lunde, havsule, havhest;Leveområde;NS1;SF1;LC-CR;Nordsjøen og Skagerrak;NINA;NA;Seabirds;Living area;North Sea and Skagerrak;M;M;M;M;NA;M;NA;16.06.2021;31.12.2021;30.12.2022;0;Sjøfugl;Seabirds
Sjøfugl - lomvi, polarlomvi, lunde, havhest, krykkje;Leveområde;BH7;SF1;VU-CR;Barentshavet;Havforskningsinstituttet;NA;Seabirds;Living area;Barents Sea;M;H;H;M;L;L;NA;16.06.2021;29.09.2022;30.03.2023;0;Sjøfugl;Seabirds
Sjøfugl - Ismåke, polarlomvi, alkekonge, teist;Leveområde;NH1;NH1;VU(Sv);Norskehavet;Norsk Polarinstitutt;NA;Seabirds;Living area;Norwegian Sea;M;H;H;M;NA;NA;L;16.06.2021;31.03.2022;29.09.2022;0;Sjøfugl;Seabirds
Sjøfugl - Ismåke, polarlomvi, alkekonge, teist;Leveområde;NH2;NH2;NA;Norskehavet;Norsk Polarinstitutt;NA;Seabirds;Living area;Norwegian Sea;NA;NA;NA;NA;NA;NA;NA;16.06.2021;31.12.2021;30.12.2022;0;Sjøfugl;Seabirds
Bløtbunnskorallskog;Leveområde;NS3;NS3;NT;Nordsjøen og Skagerrak;Havforskningsinstituttet;Isidella lofotensis;NA;Living area;North Sea and Skagerrak;H;M;H;H;M;H;H;16.06.2021;31.12.2021;30.12.2022;0;Bunnsamfunn;Soft_bottom_coral_forest
Sjøfugl - SVO Havområdene rundt Svalbard, inkludert Bjørnøya;Myteområde - Utvidelse av området for å dekke beiteområdene til pelagisk beitende sjøfugl;"BH1;BH2";SF1;LC-NT;Barentshavet;Norsk Polarinstitutt;NA;Seabirds;Moulting area;Barents Sea;NA;NA;NA;H;NA;NA;NA;16.06.2021;30.06.2022;29.09.2022;0;Sjøfugl;Seabirds
Sjøfugl på Hopen, inkludert beiteområder rundt øya;Myteområde - Området dekker hekkekoloni og beiteområdene til pelagiisk beitende sjøfugl;"BH1;BH2";SF1;LC-NT;Barentshavet;Norsk Polarinstitutt;NA;Seabirds;Moulting area;Barents Sea;NA;NA;NA;NA;NA;NA;NA;16.06.2021;30.06.2022;29.09.2022;0;Sjøfugl;Seabirds
Sjøfugl - Storfjordområdet, Stellingfjellet og Kovalskifjellet med beiteområder for pelagiske art;Myteområde - De største ansamlingene av polarlomvi på Svalbard, mer enn 250 000 par hekker i disse koloniene;"BH1;BH2";SF1;LC-NT;Barentshavet;Norsk Polarinstitutt;NA;Seabirds;Moulting area;Barents Sea;NA;NA;NA;NA;NA;NA;NA;16.06.2021;30.06.2022;29.09.2022;0;Sjøfugl;Seabirds
Sjøfugl - Hinlopen;Myteområde - Viktig hekkeområde for polarlomvi, krykkje og alkekonge mf.fl, inkludert beiteområde for pelagiske arter.;"BH1;BH2";SF1;LC-NT;Barentshavet;Norsk Polarinstitutt;NA;Seabirds;Moulting area;Barents Sea;NA;NA;NA;NA;NA;NA;NA;16.06.2021;30.06.2022;29.09.2022;0;Sjøfugl;Seabirds
Sjøfugl - Forlandet;Myteområde - Svært viktig sjøfuglområde som dekker Forlandet og Kongsfjorden;"BH1;BH2";SF1;LC-NT;Barentshavet;Norsk Polarinstitutt;NA;Seabirds;Moulting area;Barents Sea;NA;NA;NA;NA;NA;NA;NA;16.06.2021;30.06.2022;29.09.2022;0;Sjøfugl;Seabirds
Sjøfugl - Nordvestspitsbergen;Myteområde - Hekkeområde for polarlomvi, krykkje, alkekonge m.fl. inkludert beiteområdene til havs.;"BH1;BH2";SF1;LC-NT;Barentshavet;Norsk Polarinstitutt;NA;Seabirds;Moulting area;Barents Sea;NA;NA;NA;NA;NA;NA;NA;16.06.2021;30.06.2022;29.09.2022;0;Sjøfugl;Seabirds
Sjøfugl - Storfjordområdet, Edgeøya med Negerpynten;Myteområde - Viktig område for en rekke pelagiske og kystnære sjøfugl.;"BH1;BH2";SF1;LC-NT;Barentshavet;Norsk Polarinstitutt;NA;Seabirds;Moulting area;Barents Sea;NA;NA;NA;NA;NA;NA;NA;16.06.2021;30.06.2022;29.09.2022;0;Sjøfugl;Seabirds
Sjøfugl - Hornsundområdet;Myteområde - Store kolonier med alkekonge, men også krykkje og polarlomvi;"BH1;BH2";SF1;LC-NT;Barentshavet;Norsk Polarinstitutt;NA;Seabirds;Moulting area;Barents Sea;NA;NA;NA;NA;NA;NA;NA;16.06.2021;30.06.2022;29.09.2022;0;Sjøfugl;Seabirds
Sjøfugl - Isfjorden;Myteområde - Svært viktig område for sjøfugl, spesielt polarlomvi, alkekonge og krykkje, men også havhest, ærfugl mfl.;"BH1;BH2";SF1;LC-NT;Barentshavet;Norsk Polarinstitutt;NA;Seabirds;Moulting area;Barents Sea;NA;NA;NA;NA;NA;NA;NA;16.06.2021;30.06.2022;29.09.2022;0;Sjøfugl;Seabirds
Sjøfugl - Kong Karls Land;Myteområde - Viktig hekkeområde for polarlomvi, krykkje og alkekonge mf.fl, inkludert beiteområde for pelagiske arter.;"BH1;BH2";SF1;LC-NT;Barentshavet;Norsk Polarinstitutt;NA;Seabirds;Moulting area;Barents Sea;NA;NA;NA;NA;NA;NA;NA;16.06.2021;30.06.2022;29.09.2022;0;Sjøfugl;Seabirds
Tobisområder;Område;NS2;NS2;NA;Nordsjøen og Skagerrak;Havforskningsinstituttet;NA;NA;NA;North Sea and Skagerrak;NA;NA;NA;NA;NA;NA;NA;16.06.2021;31.12.2021;30.12.2022;0;Fisk;Fish
Flatsnuteålebrosme;Leveområde;NH3;NH3;NA;Norskehavet;Havforskningsinstituttet;Lycenchelys platyrhina;NA;NA;Norwegian Sea;H;NA;NA;NA;L;NA;NA;16.06.2021;31.12.2021;30.12.2022;1;Fisk;Fish
Egg- larvedrift - sild, torsk, vanlig uer og snabeluer;Driftvei;NH7;NH7;NA;Norskehavet;Havforskningsinstituttet;NA;NA;NA;Norwegian Sea;NA;H;NA;L;H;M;NA;16.06.2021;28.02.2022;30.12.2022;0;Fisk;Fish_eggs_larvae
Egg- larvedrift;Yngleområde;NH6;NH6;NA;Norskehavet;Havforskningsinstituttet;NA;NA;NA;Norwegian Sea;L;H;NA;NA;M;M;NA;16.06.2021;28.02.2022;30.12.2022;0;Fisk;Fish_eggs_larvae
Mesopelagisk fauna;Område;NS3;NS3;NA;Nordsjøen og Skagerrak;Havforskningsinstituttet;NA;NA;NA;North Sea and Skagerrak;NA;NA;NA;NA;M;M;NA;16.06.2021;31.12.2021;30.12.2022;0;Mesopelagisk fauna;Mesopelagic_fauna
Havert;Kasteområde;"BH4;BH5;BH6";M2;VU;Barentshavet;Havforskningsinstituttet;Halichoerus grypus;Gray seal;NA;Barents Sea;NA;H;NA;NA;NA;NA;NA;16.06.2021;31.08.2022;29.11.2022;0;Sjøpattedyr;Pinnipeds
Havert;Hårfellingsområde;"BH4;BH5;BH6";M2;VU;Barentshavet;Havforskningsinstituttet;Halichoerus grypus;Gray seal;NA;Barents Sea;NA;H;NA;NA;NA;NA;NA;16.06.2021;31.01.2022;29.04.2022;0;Sjøpattedyr;Pinnipeds
Havert;Kasteområde;"NH6;NH7";M2;VU;Norskehavet;Havforskningsinstituttet;Halichoerus grypus;Gray seal;NA;Norwegian Sea;NA;H;NA;NA;NA;NA;NA;16.06.2021;31.08.2022;29.11.2022;0;Sjøpattedyr;Pinnipeds
Havert;Hårfellingsområde;"NH6;NH7";M2;VU;Norskehavet;Havforskningsinstituttet;Halichoerus grypus;Gray seal;NA;Norwegian Sea;NA;H;NA;NA;NA;NA;NA;16.06.2021;31.01.2022;29.04.2022;0;Sjøpattedyr;Pinnipeds
Havert;Kasteområde;NS1;M2;VU;Nordsjøen og Skagerrak;Havforskningsinstituttet;Halichoerus grypus;Gray seal;NA;North Sea and Skagerrak;L;H;NA;NA;M;L;NA;16.06.2021;31.08.2022;29.11.2022;0;Sjøpattedyr;Pinnipeds
Havert;Hårfellingsområde;NS1;M2;VU;Nordsjøen og Skagerrak;Havforskningsinstituttet;Halichoerus grypus;Gray seal;NA;North Sea and Skagerrak;L;H;NA;NA;M;L;NA;16.06.2021;31.01.2022;29.04.2022;0;Sjøpattedyr;Pinnipeds
Klappmyss;Hårfellingsområde;NH2;M2;EN;Norskehavet;Norsk Polarinstitutt/Havforskningsinstituttet;Cystophora cristata;Hooded Seal;NA;Norwegian Sea;H;H;H;H;M;M;M;16.06.2021;30.04.2022;29.06.2022;14;Sjøpattedyr;Pinnipeds
Klappmyss;Kasteområde;NH2;M1;EN;Norskehavet;Norsk Polarinstitutt/Havforskningsinstituttet;Cystophora cristata;Hooded Seal;NA;Norwegian Sea;H;H;H;H;M;M;M;16.06.2021;28.02.2022;30.03.2022;15;Sjøpattedyr;Pinnipeds
Steinkobbe;Kasteområde;"NH6;NH7";M1;NT;Norskehavet;Havforskningsinstituttet;Phoca vitulina;Harbour seal, common seal;NA;Norwegian Sea;NA;H;NA;NA;NA;NA;NA;16.06.2021;31.05.2022;29.06.2022;0;Sjøpattedyr;Pinnipeds
Steinkobbe;Hårfellingsområde;"NH6;NH7";M1;NT;Norskehavet;Havforskningsinstituttet;Phoca vitulina;Harbour seal, common seal;NA;Norwegian Sea;NA;H;NA;NA;NA;NA;NA;16.06.2021;31.07.2022;30.08.2022;0;Sjøpattedyr;Pinnipeds
Steinkobbe;Kasteområde;"NS1;NS3;NS4";M1;NT;Nordsjøen og Skagerrak;Havforskningsinstituttet;Phoca vitulina;Harbour seal, common seal;NA;North Sea and Skagerrak;L;H;NA;NA;M;L;NA;16.06.2021;31.05.2022;29.06.2022;0;Sjøpattedyr;Pinnipeds
Steinkobbe;Hårfellingsområde;"NS1;NS3;NS4";M1;NT;Nordsjøen og Skagerrak;Havforskningsinstituttet;Phoca vitulina;Harbour seal, common seal;NA;North Sea and Skagerrak;L;H;NA;NA;M;L;NA;16.06.2021;31.07.2022;30.08.2022;0;Sjøpattedyr;Pinnipeds
Polar tidevannsfront;NA;BH1;O1;NA;Barentshavet;Havforskningsinstituttet;NA;NA;NA;Barents Sea;NA;NA;NA;NA;NA;NA;NA;16.06.2021;31.12.2021;30.12.2022;0;Polar tidevannsfront;Polar tidal front
Sjøfugl - SVO Tromsøflaket;Eksisterende grenser for Tromsøflaket;BH5;SF1;NA;Barentshavet;NINA;NA;Seabirds;NA;Barents Sea;NA;NA;NA;H;NA;NA;NA;16.06.2021;31.12.2021;30.12.2022;0;Sjøfugl;Seabirds
Dyreplankton;Overvintringsområde;NS3;P1;NA;Nordsjøen og Skagerrak;Havforskningsinstituttet;NA;Zooplankton;NA;North Sea and Skagerrak;H;M;M;L;M;M;NA;16.06.2021;30.06.2022;30.03.2023;0;Plankton;Zooplankton
Dyreplankton;Overvintringsområde;NH8;NH8;NA;Norskehavet;Havforskningsinstituttet;NA;NA;NA;Norwegian Sea;H;H;NA;NA;H;NA;NA;16.06.2021;30.06.2022;29.04.2023;0;Plankton;Zooplankton
Fiskeyngel;Oppvekstområde;BH7;F1;NA;Barentshavet;Havforskningsinstituttet;NA;NA;Nursery area;Barents Sea;L;H;NA;NA;M;M;NA;16.06.2021;31.01.2022;30.12.2022;0;Fisk;Fish
Polartorsk;Oppvekstområde;BH1;BH1;EN;Barentshavet;Havforskningsinstituttet;Boreogadus saida;Polar cod;Nursery area;Barents Sea;NA;NA;NA;NA;NA;NA;NA;16.06.2021;28.02.2022;30.10.2022;0;Fisk;Fish
Kysttorsk;Gyteområde;BH4;F3;NA;Barentshavet;Havforskningsinstituttet;Gadus morhua;Coastal cod;Spawning area;Barents Sea;M;H;H;M;M;M;NA;16.06.2021;31.01.2022;29.04.2022;10;Fisk;Fish
Kysttorsk;Gyteområde;BH6;F5;NA;Barentshavet;Havforskningsinstituttet;Gadus morhua;Coastal cod;Spawning area;Barents Sea;H;H;NA;NA;H;H;NA;16.06.2021;31.01.2022;29.04.2022;10;Fisk;Fish
Kysttorsk;Gyteområde;NH6;F4;NA;Norskehavet;Havforskningsinstituttet;Gadus morhua;Coastal cod;Spawning area;Norwegian Sea;NA;L;NA;NA;M;M;NA;16.06.2021;31.01.2022;29.04.2022;10;Fisk;Fish
Kysttorsk;Gyteområde;NH7;F3,a;NA;Norskehavet;Havforskningsinstituttet;Gadus morhua;Coastal cod;Spawning area;Norwegian Sea;NA;H;NA;NA;H;M;NA;16.06.2021;31.01.2022;29.04.2022;10;Fisk;Fish
Kysttorsk;Gyteområde;NS1;F2;NA;Nordsjøen og Skagerrak;Havforskningsinstituttet;Gadus morhua;Coastal cod;Spawning area;North Sea and Skagerrak;NA;L;NA;NA;M;NA;NA;16.06.2021;31.01.2022;29.04.2022;10;Fisk;Fish
Hyse;Gyteområde sporadisk;BH3;F1;NA;Barentshavet;Havforskningsinstituttet;Melanogrammus aeglefinus;Haddock;Spawning area;Barents Sea;H;H;L;L;H;H;NA;16.06.2021;28.02.2022;29.06.2022;11;Fisk;Fish
Hyse;Gyteområde sporadisk;BH6;F6;NA;Barentshavet;Havforskningsinstituttet;Melanogrammus aeglefinus;Haddock;Spawning area;Barents Sea;M;H;NA;NA;H;H;NA;16.06.2021;28.02.2022;29.06.2022;11;Fisk;Fish
Øyepål;Gyteområde;BH6;F9;NA;Barentshavet;Havforskningsinstituttet;Trisopterus esmarkii;Norway pout;Spawning area;Barents Sea;NA;H;NA;NA;H;H;NA;16.06.2021;31.12.2021;30.05.2022;0;Fisk;Fish
Øyepål;Gyteområde;NH6;F5;NA;Norskehavet;Havforskningsinstituttet;Trisopterus esmarkii;Norway pout;Spawning area;Norwegian Sea;NA;L;NA;NA;M;M;NA;16.06.2021;31.12.2021;30.05.2022;10;Fisk;Fish
Øyepål;Gyteområde;NH7;F4,a;NA;Norskehavet;Havforskningsinstituttet;Trisopterus esmarkii;Norway pout;Spawning area;Norwegian Sea;NA;H;NA;NA;H;M;NA;16.06.2021;31.12.2021;30.05.2022;10;Fisk;Fish
Tobis;Gyteområde;NS2;F1;NA;Nordsjøen og Skagerrak;Havforskningsinstituttet;Ammodytes marinus;Lesser sandeel;Spawning area;North Sea and Skagerrak;H;H;H;M;H;M;NA;16.06.2021;30.11.2022;30.01.2023;10;Fisk;Fish
Blåkveite;Gyteområde;BH3;F4;LC;Barentshavet;Havforskningsinstituttet;Reinhardtius hippoglossoides;Greenland halibut;Spawning area;Barents Sea;NA;H;L;NA;H;H;NA;16.06.2021;30.09.2022;30.01.2023;10;Fisk;Fish
Hyse;Gyteområde;NH7;F5a;NA;Norskehavet;Havforskningsinstituttet;Melanogrammus aeglefinus;Haddock;Spawning area;Norwegian Sea;NA;H;NA;NA;H;M;NA;16.06.2021;28.02.2022;29.06.2022;10;Fisk;Fish
Hyse;Gyteområde;BH3;F1;NA;Barentshavet;Havforskningsinstituttet;Melanogrammus aeglefinus;Haddock;Spawning area;Barents Sea;H;H;L;L;H;H;NA;16.06.2021;28.02.2022;29.06.2022;10;Fisk;Fish
Hyse;Gyteområde;BH6;F6;NA;Barentshavet;Havforskningsinstituttet;Melanogrammus aeglefinus;Haddock;Spawning area;Barents Sea;M;H;NA;NA;H;H;NA;16.06.2021;28.02.2022;29.06.2022;10;Fisk;Fish
Lodde;Gyteområde;BH4;F1;NA;Barentshavet;Havforskningsinstituttet;Mallotus villosus;Capelin;Spawning area;Barents Sea;M;H;NA;NA;H;H;NA;16.06.2021;28.02.2022;29.04.2022;10;Fisk;Fish
Lodde;Gyteområde;BH6;F1;NA;Barentshavet;Havforskningsinstituttet;Mallotus villosus;Capelin;Spawning area;Barents Sea;NA;NA;NA;NA;NA;NA;NA;16.06.2021;28.02.2022;29.04.2022;10;Fisk;Fish
NVG_Sild;Gyteområde;BH6;F8;NA;Barentshavet;Havforskningsinstituttet;Clupea harengus L.;Herring;Spawning area;Barents Sea;NA;H;NA;NA;H;H;NA;16.06.2021;31.01.2022;30.03.2022;10;Fisk;Fish
NVG_Sild;Gyteområde;NH6;F3;NA;Norskehavet;Havforskningsinstituttet;Clupea harengus L.;Herring;Spawning area;Norwegian Sea;NA;L;NA;NA;M;M;NA;16.06.2021;31.01.2022;30.03.2022;10;Fisk;Fish
NVG_Sild;Gyteområde;NH7;F1,b;NA;Norskehavet;Havforskningsinstituttet;Clupea harengus L.;Herring;Spawning area;Norwegian Sea;H;H;NA;NA;H;H;NA;16.06.2021;31.01.2022;30.03.2022;10;Fisk;Fish
NVG_Sild;Gyteområde;NS1;F1;NA;Nordsjøen og Skagerrak;Havforskningsinstituttet;Clupea harengus L.;Herring;Spawning area;North Sea and Skagerrak;NA;L;NA;NA;M;NA;NA;16.06.2021;31.01.2022;30.03.2022;10;Fisk;Fish
Snabeluer;Gyteområde;BH3;F3;NA;Barentshavet;Havforskningsinstituttet;Sebastes mentella;Deepwater redfish;Spawning area;Barents Sea;NA;H;NA;L;H;H;NA;16.06.2021;28.02.2022;29.04.2022;10;Fisk;Fish
Snabeluer;Gyteområde;BH6;F4;NA;Barentshavet;Havforskningsinstituttet;Sebastes mentella;Deepwater redfish;Spawning area;Barents Sea;NA;H;NA;NA;H;H;NA;16.06.2021;28.02.2022;29.04.2022;10;Fisk;Fish
Snabeluer;Gyteområde;NH5;F2;NA;Norskehavet;Havforskningsinstituttet;Sebastes mentella;Deepwater redfish;Spawning area;Norwegian Sea;NA;H;NA;M;M;M;NA;16.06.2021;28.02.2022;29.04.2022;10;Fisk;Fish
Torsk;Gyteområde;BH4;F2;NA;Barentshavet;Havforskningsinstituttet;Gadus morhua;Atlantic cod;Spawning area;Barents Sea;M;H;NA;NA;M;M;NA;16.06.2021;31.01.2022;29.04.2022;10;Fisk;Fish
Torsk;Gyteområde;BH6;F2;NA;Barentshavet;Havforskningsinstituttet;Gadus morhua;Atlantic cod;Spawning area;Barents Sea;H;H;NA;NA;H;H;NA;16.06.2021;31.01.2022;29.04.2022;10;Fisk;Fish
Torsk;Gyteområde;NH6;F2;EN;Norskehavet;Havforskningsinstituttet;Gadus morhua;Atlantic cod;Spawning area;Norwegian Sea;NA;L;NA;NA;M;M;NA;16.06.2021;31.01.2022;29.04.2022;10;Fisk;Fish
Torsk;Gyteområde;NH7;F2,a;EN;Norskehavet;Havforskningsinstituttet;Gadus morhua;Atlantic cod;Spawning area;Norwegian Sea;NA;H;NA;NA;H;M;NA;16.06.2021;31.01.2022;29.04.2022;10;Fisk;Fish
Vanlig uer;Gyteområde;BH3;F2;EN;Barentshavet;Havforskningsinstituttet;Sebastes norvegicus;Golden redfish;Spawning area;Barents Sea;NA;H;H;L;H;H;NA;16.06.2021;31.03.2022;30.05.2022;10;Fisk;Fish
Vanlig uer;Gyteområde;BH6;F3;EN;Barentshavet;Havforskningsinstituttet;Sebastes norvegicus;Golden redfish;Spawning area;Barents Sea;NA;H;H;H;H;H;NA;16.06.2021;31.03.2022;30.05.2022;10;Fisk;Fish
Vanlig uer;Gyteområde;NH6;F1;EN;Norskehavet;Havforskningsinstituttet;Sebastes norvegicus;Golden redfish;Spawning area;Norwegian Sea;NA;L;H;H;H;H;NA;16.06.2021;31.03.2022;30.05.2022;10;Fisk;Fish
Vanlig uer;Gyteområde;NH7;F1,a;EN;Norskehavet;Havforskningsinstituttet;Sebastes norvegicus;Golden redfish;Spawning area;Norwegian Sea;NA;H;M;H;H;H;NA;16.06.2021;31.03.2022;30.05.2022;10;Fisk;Fish
Vanlig uer;Gyteområde;NH5;F1;EN;Norskehavet;Havforskningsinstituttet;Sebastes norvegicus;Golden redfish;Spawning area;Norwegian Sea;NA;L;L;L;M;M;NA;16.06.2021;31.03.2022;30.05.2022;10;Fisk;Fish
Polartorsk;Gyteområde;BH1;F2;EN;Barentshavet;Havforskningsinstituttet;Boreogadus saida;Polar cod;Spawning area;Barents Sea;NA;NA;NA;NA;NA;NA;NA;16.06.2021;31.12.2021;30.03.2022;10;Fisk;Fish
Blåkveite;Gyteområde;BH6;F7;LC;Barentshavet;Havforskningsinstituttet;Reinhardtius hippoglossoides;Greenland halibut;Spawning area;Barents Sea;NA;H;L;NA;H;H;NA;16.06.2021;30.09.2022;30.01.2023;10;Fisk;Fish
Dyreplankton;Unikt område;NH3;NH3;NA;Norskehavet;Havforskningsinstituttet;NA;NA;Unique area;Norwegian Sea;M;NA;NA;NA;L;M;NA;16.06.2021;31.12.2021;30.12.2022;0;Plankton;Zooplankton
Dyreplankton;Unikt område;BH6;BH6;NA;Barentshavet;Havforskningsinstituttet;NA;NA;Unique area;Barents Sea;M;L;NA;NA;M;NA;M;16.06.2021;31.12.2021;30.12.2022;0;Plankton;Zooplankton
