"old_sublayer","new_sublayer","art_eng","gruppe","kart_eng"
"(no species) | (no map type)","Fish | (no map type)",NA,"Fisk","(no map type)"
"(no species) | (no map type)","Mesopelagic | (no map type)",NA,"Mesopelagisk fauna","(no map type)"
"(no species) | (no map type)","Other | (no map type)",NA,"Polar tidevannsfront","(no map type)"
"(no species) | (no map type)","Seabird | (no map type)","Seabirds","Sjøfugl","(no map type)"
"(no species) | (no map type)","Zooplankton | (no map type)","Zooplankton","Plankton","(no map type)"
"(no species) | (no map type)","Zooplankton | (no map type)",NA,"Plankton","(no map type)"
"(no species) | Breeding area","Seabird | Breeding area","Seabirds","Sjøfugl","Breeding area"
"(no species) | Drift","Fish | Drift",NA,"Fisk","Drift"
"(no species) | Feeding area","Fish | Feeding area","Fish","Fisk","Feeding area"
"(no species) | Feeding area","Marine mammal | Feeding area","Fin whale","Sjøpattedyr","Feeding area"
"(no species) | Feeding area","Marine mammal | Feeding area","Sperm Whale","Sjøpattedyr","Feeding area"
"(no species) | Feeding area","Seabird | Feeding area","Seabirds","Sjøfugl","Feeding area"
"(no species) | High concentration","Zooplankton | High concentration","Zooplankton","Plankton","High concentration"
"(no species) | High concentration","Zooplankton | High concentration",NA,"Plankton","High concentration"
"(no species) | High production","Zooplankton | High production","Zooplankton","Plankton","High production"
"(no species) | High production","Zooplankton | High production",NA,"Plankton","High production"
"(no species) | High production","Zooplankton | High production","zooplankton","Plankton","High production"
"(no species) | Living area","Benthic invertebrate | Living area",NA,"Bunnsamfunn","Living area"
"(no species) | Living area","Benthic invertebrate | Living area","Benthos","Bunnsamfunn","Living area"
"(no species) | Living area","Benthic invertebrate | Living area","Hard-bottom sponge aggregation potential area","Bunnsamfunn","Living area"
"(no species) | Living area","Benthic invertebrate | Living area","Hard-bottom coral garden potential area","Bunnsamfunn","Living area"
"(no species) | Living area","Benthic invertebrate | Living area","Sponge-speticulae bed","Bunnsamfunn","Living area"
"(no species) | Living area","Fish | Living area",NA,"Fisk","Living area"
"(no species) | Living area","Seabird | Living area","Seabirds","Sjøfugl","Living area"
"(no species) | Living area","Unclassified | Living area",NA,NA,"Living area"
"(no species) | Moulting area","Seabird | Moulting area","Seabirds","Sjøfugl","Moulting area"
"(no species) | Nursery area","Fish | Nursery area",NA,"Fisk","Nursery area"
"(no species) | Unique area","Zooplankton | Unique area",NA,"Plankton","Unique area"
