"art_latin","query","scientificname","rank","kingdom","phylum","class","order","family","status","svo_group"
"Halichoerus grypus","Halichoerus grypus","Halichoerus grypus","Species","Animalia","Chordata","Mammalia","Carnivora","Phocidae","ok","Marine mammal"
"Gadus morhua","Gadus morhua","Gadus morhua","Species","Animalia","Chordata","Teleostei","Gadiformes","Gadidae","ok","Fish"
"Cetorhinus maximus","Cetorhinus maximus","Cetorhinus maximus","Species","Animalia","Chordata","Elasmobranchii","Lamniformes","Cetorhinidae","ok","Fish"
"Lamna nasus","Lamna nasus","Lamna nasus","Species","Animalia","Chordata","Elasmobranchii","Lamniformes","Lamnidae","ok","Fish"
"Isidella lofotensis","Isidella lofotensis","Isidella lofotensis","Species","Animalia","Cnidaria","Octocorallia","Scleralcyonacea","Keratoisididae","ok","Benthic invertebrate"
"Radicipes gracilis","Radicipes gracilis","Radicipes gracilis","Species","Animalia","Cnidaria","Octocorallia","Scleralcyonacea","Chrysogorgiidae","ok","Benthic invertebrate"
"Balaena mysticetus","Balaena mysticetus","Balaena mysticetus","Species","Animalia","Chordata","Mammalia","Cetartiodactyla","Balaenidae","ok","Marine mammal"
"Melanogrammus aeglefinus","Melanogrammus aeglefinus","Melanogrammus aeglefinus","Species","Animalia","Chordata","Teleostei","Gadiformes","Gadidae","ok","Fish"
"Cystophora cristata","Cystophora cristata","Cystophora cristata","Species","Animalia","Chordata","Mammalia","Carnivora","Phocidae","ok","Marine mammal"
"Mallotus villosus","Mallotus villosus","Mallotus villosus","Species","Animalia","Chordata","Teleostei","Osmeriformes","Osmeridae","ok","Fish"
"Hyperoodon ampullatus","Hyperoodon ampullatus","Hyperoodon ampullatus","Species","Animalia","Chordata","Mammalia","Cetartiodactyla","Ziphiidae","ok","Marine mammal"
"Boreogadus saida","Boreogadus saida","Boreogadus saida","Species","Animalia","Chordata","Teleostei","Gadiformes","Gadidae","ok","Fish"
"Lycenchelys platyrhina","Lycenchelys platyrhina","Lycenchelys platyrhina","Species","Animalia","Chordata","Teleostei","Perciformes","Zoarcidae","ok","Fish"
"Pagophilus groenlandicus","Pagophilus groenlandicus","Pagophilus groenlandicus","Species","Animalia","Chordata","Mammalia","Carnivora","Phocidae","ok","Marine mammal"
"Megaptera novaeangliae","Megaptera novaeangliae","Megaptera novaeangliae","Species","Animalia","Chordata","Mammalia","Cetartiodactyla","Balaenopteridae","ok","Marine mammal"
"Monodon monoceros","Monodon monoceros","Monodon monoceros","Species","Animalia","Chordata","Mammalia","Cetartiodactyla","Monodontidae","ok","Marine mammal"
"Trisopterus esmarkii","Trisopterus esmarkii","Trisopterus esmarkii","Species","Animalia","Chordata","Teleostei","Gadiformes","Gadidae","ok","Fish"
"Ammodytes marinus","Ammodytes marinus","Ammodytes marinus","Species","Animalia","Chordata","Teleostei","Perciformes","Ammodytidae","ok","Fish"
"Balaenoptera acutorostrata","Balaenoptera acutorostrata","Balaenoptera acutorostrata","Species","Animalia","Chordata","Mammalia","Cetartiodactyla","Balaenopteridae","ok","Marine mammal"
"Erignathus barbatus","Erignathus barbatus","Erignathus barbatus","Species","Animalia","Chordata","Mammalia","Carnivora","Phocidae","ok","Marine mammal"
"Phoca hispida","Phoca hispida","Phoca hispida","Species","Animalia","Chordata","Mammalia","Carnivora","Phocidae","ok","Marine mammal"
"Reinhardtius hippoglossoides","Reinhardtius hippoglossoides","Reinhardtius hippoglossoides","Species","Animalia","Chordata","Teleostei","Pleuronectiformes","Pleuronectidae","ok","Fish"
"Umbellula encrinus","Umbellula encrinus","Umbellula encrinus","Species","Animalia","Cnidaria","Octocorallia","Scleralcyonacea","Umbellulidae","ok","Benthic invertebrate"
"Delphinapterus leucas","Delphinapterus leucas","Delphinapterus leucas","Species","Animalia","Chordata","Mammalia","Cetartiodactyla","Monodontidae","ok","Marine mammal"
"Clupea harengus L.","Clupea harengus","Clupea harengus","Species","Animalia","Chordata","Teleostei","Clupeiformes","Clupeidae","ok","Fish"
"Sebastes mentella","Sebastes mentella","Sebastes mentella","Species","Animalia","Chordata","Teleostei","Perciformes","Sebastidae","ok","Fish"
"Physeter macrocephalus","Physeter macrocephalus","Physeter macrocephalus","Species","Animalia","Chordata","Mammalia","Cetartiodactyla","Physeteridae","ok","Marine mammal"
"Sebastes norvegicus","Sebastes norvegicus","Sebastes norvegicus","Species","Animalia","Chordata","Teleostei","Perciformes","Sebastidae","ok","Fish"
"Odobenus rosmarus","Odobenus rosmarus","Odobenus rosmarus","Species","Animalia","Chordata","Mammalia","Carnivora","Odobenidae","ok","Marine mammal"
"Phoca vitulina","Phoca vitulina","Phoca vitulina","Species","Animalia","Chordata","Mammalia","Carnivora","Phocidae","ok","Marine mammal"
"Orcinus orca","Orcinus orca","Orcinus orca","Species","Animalia","Chordata","Mammalia","Cetartiodactyla","Delphinidae","ok","Marine mammal"
