"navn","art_latin","art_eng","gruppe","kart_eng","group","group_lab","kart_eng_lab","sublayer"
"Havert","Halichoerus grypus","Gray seal","Sjøpattedyr","","Pinnipeds","Pinnipeds","(no map type)","Pinnipeds | (no map type)"
"Havert","Halichoerus grypus","Gray seal","Sjøpattedyr","","Pinnipeds","Pinnipeds","(no map type)","Pinnipeds | (no map type)"
"Havert","Halichoerus grypus","Gray seal","Sjøpattedyr","Feeding area","Pinnipeds","Pinnipeds","Feeding area","Pinnipeds | Feeding area"
"Havert","Halichoerus grypus","Gray seal","Sjøpattedyr","Feeding area","Pinnipeds","Pinnipeds","Feeding area","Pinnipeds | Feeding area"
"Havert","Halichoerus grypus","Gray seal","Sjøpattedyr","","Pinnipeds","Pinnipeds","(no map type)","Pinnipeds | (no map type)"
"Havert","Halichoerus grypus","Gray seal","Sjøpattedyr","","Pinnipeds","Pinnipeds","(no map type)","Pinnipeds | (no map type)"
"Havert","Halichoerus grypus","Gray seal","Sjøpattedyr","Feeding area","Pinnipeds","Pinnipeds","Feeding area","Pinnipeds | Feeding area"
"Havert","Halichoerus grypus","Gray seal","Sjøpattedyr","Feeding area","Pinnipeds","Pinnipeds","Feeding area","Pinnipeds | Feeding area"
"Havert","Halichoerus grypus","Gray seal","Sjøpattedyr","","Pinnipeds","Pinnipeds","(no map type)","Pinnipeds | (no map type)"
"Havert","Halichoerus grypus","Gray seal","Sjøpattedyr","","Pinnipeds","Pinnipeds","(no map type)","Pinnipeds | (no map type)"
"Havert","Halichoerus grypus","Gray seal","Sjøpattedyr","Feeding area","Pinnipeds","Pinnipeds","Feeding area","Pinnipeds | Feeding area"
"Havert","Halichoerus grypus","Gray seal","Sjøpattedyr","Feeding area","Pinnipeds","Pinnipeds","Feeding area","Pinnipeds | Feeding area"
"Kysttorsk","Gadus morhua","Coastal cod","Fisk","Spawning area","Fish","Fish","Spawning area","Fish | Spawning area"
"Kysttorsk","Gadus morhua","Coastal cod","Fisk","Spawning area","Fish","Fish","Spawning area","Fish | Spawning area"
"Kysttorsk","Gadus morhua","Coastal cod","Fisk","Spawning area","Fish","Fish","Spawning area","Fish | Spawning area"
"Kysttorsk","Gadus morhua","Coastal cod","Fisk","Spawning area","Fish","Fish","Spawning area","Fish | Spawning area"
"Kysttorsk","Gadus morhua","Coastal cod","Fisk","Spawning area","Fish","Fish","Spawning area","Fish | Spawning area"
"Bambuskorall og sjøfjær","","","Bunnsamfunn","Living area","Bamboo_coral_sea_feathers","Bamboo coral sea feathers","Living area","Bamboo coral sea feathers | Living area"
"Brugde","Cetorhinus maximus","Basking shark","Fisk","Feeding area","Fish","Fish","Feeding area","Fish | Feeding area"
"Brugde","Cetorhinus maximus","Basking shark","Fisk","Feeding area","Fish","Fish","Feeding area","Fish | Feeding area"
"Dyreplankton","","Zooplankton","Plankton","High concentration","Zooplankton","Zooplankton","High concentration","Zooplankton | High concentration"
"Sjøfugl - ærfugl, makrellterne, rødnebbterne, storjo, tyvjo, krykkje, fiskemåke, gråmåke, svartbak, sildemåke, lomvi, alke, lunde, havsule, havhest","","Seabirds","Sjøfugl","Living area","Seabirds","Seabirds","Living area","Seabirds | Living area"
"Dyreplankton","","Zooplankton","Plankton","High production","Zooplankton","Zooplankton","High production","Zooplankton | High production"
"Dyreplankton","","Zooplankton","Plankton","High production","Zooplankton","Zooplankton","High production","Zooplankton | High production"
"Håbrann","Lamna nasus","porbeagle","Fisk","Feeding area","Fish","Fish","Feeding area","Fish | Feeding area"
"Egg- larvedrift - sild, torsk, vanlig uer og snabeluer","","","Fisk","","Fish_eggs_larvae","Fish eggs larvae","(no map type)","Fish eggs larvae | (no map type)"
"Dyreplankton","","Zooplankton","Plankton","High concentration","Zooplankton","Zooplankton","High concentration","Zooplankton | High concentration"
"Dyreplankton","","Zooplankton","Plankton","High concentration","Zooplankton","Zooplankton","High concentration","Zooplankton | High concentration"
"Sjøfugl - alke, lomvi, alkekonge, lunde, krykkje, gråmåke, svartbak, sildemåke, makrellterne, rødnebbterne","","Seabirds","Sjøfugl","Living area","Seabirds","Seabirds","Living area","Seabirds | Living area"
"Sjøfugl - ærfugl, makrellterne, rødnebbterne, storjo, tyvjo, krykkje, fiskemåke, gråmåke, svartbak, sildemåke, lomvi, alke, lunde, havsule, havhest","","Seabirds","Sjøfugl","Living area","Seabirds","Seabirds","Living area","Seabirds | Living area"
"Dyreplankton","","Zooplankton","Plankton","","Zooplankton","Zooplankton","(no map type)","Zooplankton | (no map type)"
"Egg- larvedrift","","","Fisk","","Fish_eggs_larvae","Fish eggs larvae","(no map type)","Fish eggs larvae | (no map type)"
"Sild (Clupea harengus) og makrell (Scomber scombrus)), øyepål (Trisopterusiesmarkii), kolmule (Micromesistius poutassou) og skolest (Coryphaenoides rupestris)","","Fish","Fisk","Feeding area","Fish","Fish","Feeding area","Fish | Feeding area"
"Bløtbunnskorallskog","Isidella lofotensis","","Bunnsamfunn","Living area","Soft_bottom_coral_forest","Soft bottom coral forest","Living area","Soft bottom coral forest | Living area"
"Mesopelagisk fauna","","","Mesopelagisk fauna","","Mesopelagic_fauna","Mesopelagic fauna","(no map type)","Mesopelagic fauna | (no map type)"
"Planteplankton","","","Plankton","High production","Phytoplankton","Phytoplankton","High production","Phytoplankton | High production"
"Sjøfugl - SVO Mørebankene","","Seabirds","Sjøfugl","Feeding area","Seabirds","Seabirds","Feeding area","Seabirds | Feeding area"
"Sjøfugl - SVO Ytre Oslofjord","","Seabirds","Sjøfugl","Feeding area","Seabirds","Seabirds","Feeding area","Seabirds | Feeding area"
"Sjøfugl - Vikna-Vega med Sklinnabanken","","Seabirds","Sjøfugl","Breeding area","Seabirds","Seabirds","Breeding area","Seabirds | Breeding area"
"Sjøfugl - ærfugl, makrellterne, rødnebbterne, storjo, tyvjo, krykkje, fiskemåke, gråmåke, svartbak, sildemåke, lomvi, alke, lunde, havsule, havhest","","Seabirds","Sjøfugl","Living area","Seabirds","Seabirds","Living area","Seabirds | Living area"
"Tobisområder","","","Fisk","","Fish","Fish","(no map type)","Fish | (no map type)"
"Arktisk fiskesamfunn","","","Fisk","Living area","Fish","Fish","Living area","Fish | Living area"
"Bunnsamfunn","","Benthos","Bunnsamfunn","Living area","Benthic_communities","Benthic communities","Living area","Benthic communities | Living area"
"Bløtbunnskorallskog","Radicipes gracilis","Pigtail coral","Bunnsamfunn","Living area","Benthic_communities","Benthic communities","Living area","Benthic communities | Living area"
"Bunnsamfunn, andre sårbare bunndyr","","","Bunnsamfunn","Living area","Benthic_communities","Benthic communities","Living area","Benthic communities | Living area"
"Dyreplankton","","Zooplankton","Plankton","High production","Zooplankton","Zooplankton","High production","Zooplankton | High production"
"Dyreplankton","","Zooplankton","Plankton","High production","Zooplankton","Zooplankton","High production","Zooplankton | High production"
"Dyreplankton","","zooplankton","Plankton","High production","Zooplankton","Zooplankton","High production","Zooplankton | High production"
"Dyreplankton","","zooplankton","Plankton","High production","Zooplankton","Zooplankton","High production","Zooplankton | High production"
"Dyreplankton","","","Plankton","High production","Zooplankton","Zooplankton","High production","Zooplankton | High production"
"Egglarvedrift - Lodde, Sild, Torsk, Hyse, Sei, Uer","","","Fisk","Drift","Fish_eggs_larvae","Fish eggs larvae","Drift","Fish eggs larvae | Drift"
"Egglarvedrift - Lodde, Sild, Torsk, Hyse, Sei, Uer","","","Fisk","Drift","Fish_eggs_larvae","Fish eggs larvae","Drift","Fish eggs larvae | Drift"
"Finnhval","","Fin whale","Sjøpattedyr","Feeding area","Cetaceans","Cetaceans","Feeding area","Cetaceans | Feeding area"
"Finnhval","","Fin whale","Sjøpattedyr","Feeding area","Cetaceans","Cetaceans","Feeding area","Cetaceans | Feeding area"
"Fiskeyngel","","","Fisk","Nursery area","Fish","Fish","Nursery area","Fish | Nursery area"
"Sjøfugl - lomvi, polarlomvi, lunde, havhest, krykkje","","Seabirds","Sjøfugl","Living area","Seabirds","Seabirds","Living area","Seabirds | Living area"
"Grønlandshval","Balaena mysticetus","bowhead whale","Sjøpattedyr","Living area","Cetaceans","Cetaceans","Living area","Cetaceans | Living area"
"Grønlandshval","Balaena mysticetus","bowhead whale","Sjøpattedyr","Living area","Cetaceans","Cetaceans","Living area","Cetaceans | Living area"
"Grønlandshval","Balaena mysticetus","bowhead whale","Sjøpattedyr","Living area","Cetaceans","Cetaceans","Living area","Cetaceans | Living area"
"Hyse","Melanogrammus aeglefinus","Haddock","Fisk","Spawning area","Fish","Fish","Spawning area","Fish | Spawning area"
"Hyse","Melanogrammus aeglefinus","Haddock","Fisk","Spawning area","Fish","Fish","Spawning area","Fish | Spawning area"
"Klappmyss","Cystophora cristata","Hooded Seal","Sjøpattedyr","","Pinnipeds","Pinnipeds","(no map type)","Pinnipeds | (no map type)"
"Klappmyss","Cystophora cristata","Hooded Seal","Sjøpattedyr","Feeding area","Pinnipeds","Pinnipeds","Feeding area","Pinnipeds | Feeding area"
"Klappmyss","Cystophora cristata","Hooded Seal","Sjøpattedyr","Feeding area","Pinnipeds","Pinnipeds","Feeding area","Pinnipeds | Feeding area"
"Klappmyss","Cystophora cristata","Hooded Seal","Sjøpattedyr","Feeding area","Pinnipeds","Pinnipeds","Feeding area","Pinnipeds | Feeding area"
"Klappmyss","Cystophora cristata","Hooded Seal","Sjøpattedyr","Feeding area","Pinnipeds","Pinnipeds","Feeding area","Pinnipeds | Feeding area"
"Lodde","Mallotus villosus","Capelin","Fisk","Feeding area","Fish","Fish","Feeding area","Fish | Feeding area"
"Nordlig nebbhval","Hyperoodon ampullatus","Northern bottlenose whale","Sjøpattedyr","Feeding area","Cetaceans","Cetaceans","Feeding area","Cetaceans | Feeding area"
"Planteplankton","","","Plankton","High production","Phytoplankton","Phytoplankton","High production","Phytoplankton | High production"
"Planteplankton","","","Plankton","High production","Phytoplankton","Phytoplankton","High production","Phytoplankton | High production"
"Planteplankton","","","Plankton","High production","Phytoplankton","Phytoplankton","High production","Phytoplankton | High production"
"Planteplankton","","","Plankton","High production","Phytoplankton","Phytoplankton","High production","Phytoplankton | High production"
"Planteplankton","","","Plankton","High concentration","Phytoplankton","Phytoplankton","High concentration","Phytoplankton | High concentration"
"Sjøfugl - Ismåke, polarlomvi, alkekonge, teist","","Seabirds","Sjøfugl","Living area","Seabirds","Seabirds","Living area","Seabirds | Living area"
"Polar tidevannsfront","","","Polar tidevannsfront","","Polar tidal front","Polar tidal front","(no map type)","Polar tidal front | (no map type)"
"Polartorsk","Boreogadus saida","Polar cod","Fisk","Nursery area","Fish","Fish","Nursery area","Fish | Nursery area"
"Sjøfugl - Ærfugl, praktærfugl, stellerand, makrellterne, rødnebbterne, storjo, fjelljo, tyvjo, gråmåke, svartbak, sildemåke, fiskemåke, polarlomvi, lomvi, alke, lunde, havsule","","Seabirds","Sjøfugl","Breeding area","Seabirds","Seabirds","Breeding area","Seabirds | Breeding area"
"Sjøfugl - Ærfugl, praktærfugl, stellerand, makrellterne, rødnebbterne, storjo, fjelljo, tyvjo, gråmåke, svartbak, sildemåke, fiskemåke, polarlomvi, lomvi, alke, lunde, havsule","","Seabirds","Sjøfugl","Breeding area","Seabirds","Seabirds","Breeding area","Seabirds | Breeding area"
"Sjøfugl - Ærfugl, praktærfugl, stellerand, makrellterne, rødnebbterne, storjo, fjelljo, tyvjo, gråmåke, svartbak, sildemåke, fiskemåke, polarlomvi, lomvi, alke, lunde, havsule","","Seabirds","Sjøfugl","Breeding area","Seabirds","Seabirds","Breeding area","Seabirds | Breeding area"
"Sjøfugl - SVO Kystnære områder for øvrig, fra Tromsøflaket til grensen mot Russland","","Seabirds","Sjøfugl","Feeding area","Seabirds","Seabirds","Feeding area","Seabirds | Feeding area"
"Sjøfugl - SVO Tromsøflaket","","Seabirds","Sjøfugl","","Seabirds","Seabirds","(no map type)","Seabirds | (no map type)"
"Sjøfugl - SVO Havområdene rundt Svalbard, inkludert Bjørnøya","","Seabirds","Sjøfugl","Moulting area","Seabirds","Seabirds","Moulting area","Seabirds | Moulting area"
"Sjøfugl - SVO Tromsøflaket utvidelse","","Seabirds","Sjøfugl","Feeding area","Seabirds","Seabirds","Feeding area","Seabirds | Feeding area"
"Sjøfugl på Hopen, inkludert beiteområder rundt øya","","Seabirds","Sjøfugl","Moulting area","Seabirds","Seabirds","Moulting area","Seabirds | Moulting area"
"Sjøfugl - Storfjordområdet, Stellingfjellet og Kovalskifjellet med beiteområder for pelagiske art","","Seabirds","Sjøfugl","Moulting area","Seabirds","Seabirds","Moulting area","Seabirds | Moulting area"
"Sjøfugl - Hinlopen","","Seabirds","Sjøfugl","Moulting area","Seabirds","Seabirds","Moulting area","Seabirds | Moulting area"
"Sjøfugl - Forlandet","","Seabirds","Sjøfugl","Moulting area","Seabirds","Seabirds","Moulting area","Seabirds | Moulting area"
"Sjøfugl - Nordvestspitsbergen","","Seabirds","Sjøfugl","Moulting area","Seabirds","Seabirds","Moulting area","Seabirds | Moulting area"
"Sjøfugl - Storfjordområdet, Edgeøya med Negerpynten","","Seabirds","Sjøfugl","Moulting area","Seabirds","Seabirds","Moulting area","Seabirds | Moulting area"
"Sjøfugl - Hornsundområdet","","Seabirds","Sjøfugl","Moulting area","Seabirds","Seabirds","Moulting area","Seabirds | Moulting area"
"Sjøfugl - Isfjorden","","Seabirds","Sjøfugl","Moulting area","Seabirds","Seabirds","Moulting area","Seabirds | Moulting area"
"Sjøfugl - Kong Karls Land","","Seabirds","Sjøfugl","Moulting area","Seabirds","Seabirds","Moulting area","Seabirds | Moulting area"
"Sjøfugl - Havområdene rundt Svalbard, inkludert Bjørnøya","","Seabirds","Sjøfugl","Feeding area","Seabirds","Seabirds","Feeding area","Seabirds | Feeding area"
"Sjøfugl på Hopen, inkludert beiteområder rundt øya","","Seabirds","Sjøfugl","Feeding area","Seabirds","Seabirds","Feeding area","Seabirds | Feeding area"
"Sjøfugl - Storfjordområdet, Stellingfjellet og Kovalskifjellet med beiteområder for pelagiske art","","Seabirds","Sjøfugl","Feeding area","Seabirds","Seabirds","Feeding area","Seabirds | Feeding area"
"Sjøfugl - Hinlopen","","Seabirds","Sjøfugl","Feeding area","Seabirds","Seabirds","Feeding area","Seabirds | Feeding area"
"Sjøfugl - Forlandet","","Seabirds","Sjøfugl","Feeding area","Seabirds","Seabirds","Feeding area","Seabirds | Feeding area"
"Sjøfugl - Nordvestspitsbergen","","Seabirds","Sjøfugl","Feeding area","Seabirds","Seabirds","Feeding area","Seabirds | Feeding area"
"Sjøfugl - Storfjordområdet, Edgeøya med Negerpynten","","Seabirds","Sjøfugl","Feeding area","Seabirds","Seabirds","Feeding area","Seabirds | Feeding area"
"Sjøfugl - Hornsundområdet","","Seabirds","Sjøfugl","Feeding area","Seabirds","Seabirds","Feeding area","Seabirds | Feeding area"
"Sjøfugl - Isfjorden","","Seabirds","Sjøfugl","Feeding area","Seabirds","Seabirds","Feeding area","Seabirds | Feeding area"
"Sjøfugl - Kong Karls Land","","Seabirds","Sjøfugl","Feeding area","Seabirds","Seabirds","Feeding area","Seabirds | Feeding area"
"Sjøfugl - Havområdene rundt Svalbard, inkludert Bjørnøya","","Seabirds","Sjøfugl","Breeding area","Seabirds","Seabirds","Breeding area","Seabirds | Breeding area"
"Sjøfugl på Hopen, inkludert beiteområder rundt øya","","Seabirds","Sjøfugl","Breeding area","Seabirds","Seabirds","Breeding area","Seabirds | Breeding area"
"Sjøfugl - Storfjordområdet, Stellingfjellet og Kovalskifjellet med beiteområder for pelagiske art","","Seabirds","Sjøfugl","Breeding area","Seabirds","Seabirds","Breeding area","Seabirds | Breeding area"
"Sjøfugl - Hinlopen","","Seabirds","Sjøfugl","Breeding area","Seabirds","Seabirds","Breeding area","Seabirds | Breeding area"
"Sjøfugl - Forlandet","","Seabirds","Sjøfugl","Breeding area","Seabirds","Seabirds","Breeding area","Seabirds | Breeding area"
"Sjøfugl - Nordvestspitsbergen","","Seabirds","Sjøfugl","Breeding area","Seabirds","Seabirds","Breeding area","Seabirds | Breeding area"
"Sjøfugl - Storfjordområdet, Edgeøya med Negerpynten","","Seabirds","Sjøfugl","Breeding area","Seabirds","Seabirds","Breeding area","Seabirds | Breeding area"
"Sjøfugl - Hornsundområdet","","Seabirds","Sjøfugl","Breeding area","Seabirds","Seabirds","Breeding area","Seabirds | Breeding area"
"Sjøfugl - Isfjorden","","Seabirds","Sjøfugl","Breeding area","Seabirds","Seabirds","Breeding area","Seabirds | Breeding area"
"Sjøfugl - Kong Karls Land","","Seabirds","Sjøfugl","Breeding area","Seabirds","Seabirds","Breeding area","Seabirds | Breeding area"
"Spermhval","","Sperm Whale","Sjøpattedyr","Feeding area","Cetaceans","Cetaceans","Feeding area","Cetaceans | Feeding area"
"Spermhval","","Sperm Whale","Sjøpattedyr","Feeding area","Cetaceans","Cetaceans","Feeding area","Cetaceans | Feeding area"
"Dyreplankton","","","Plankton","Unique area","Zooplankton","Zooplankton","Unique area","Zooplankton | Unique area"
"Flatsnuteålebrosme","Lycenchelys platyrhina","","Fisk","","Fish","Fish","(no map type)","Fish | (no map type)"
"Grønlandsel","Pagophilus groenlandicus","Harp seal","Sjøpattedyr","Feeding area","Pinnipeds","Pinnipeds","Feeding area","Pinnipeds | Feeding area"
"Grønlandsel","Pagophilus groenlandicus","Harp seal","Sjøpattedyr","Feeding area","Pinnipeds","Pinnipeds","Feeding area","Pinnipeds | Feeding area"
"Grønlandsel","Pagophilus groenlandicus","Harp seal","Sjøpattedyr","Feeding area","Pinnipeds","Pinnipeds","Feeding area","Pinnipeds | Feeding area"
"Grønlandsel","Pagophilus groenlandicus","Harp seal","Sjøpattedyr","Feeding area","Pinnipeds","Pinnipeds","Feeding area","Pinnipeds | Feeding area"
"Grønlandsel","Pagophilus groenlandicus","Harp seal","Sjøpattedyr","Feeding area","Pinnipeds","Pinnipeds","Feeding area","Pinnipeds | Feeding area"
"Klappmyss","Cystophora cristata","Hooded Seal","Sjøpattedyr","","Pinnipeds","Pinnipeds","(no map type)","Pinnipeds | (no map type)"
"Klappmyss","Cystophora cristata","Hooded Seal","Sjøpattedyr","Feeding area","Pinnipeds","Pinnipeds","Feeding area","Pinnipeds | Feeding area"
"Klappmyss","Cystophora cristata","Hooded Seal","Sjøpattedyr","Feeding area","Pinnipeds","Pinnipeds","Feeding area","Pinnipeds | Feeding area"
"Klappmyss","Cystophora cristata","Hooded Seal","Sjøpattedyr","Feeding area","Pinnipeds","Pinnipeds","Feeding area","Pinnipeds | Feeding area"
"Klappmyss","Cystophora cristata","Hooded Seal","Sjøpattedyr","Feeding area","Pinnipeds","Pinnipeds","Feeding area","Pinnipeds | Feeding area"
"Knølhval","Megaptera novaeangliae","Humpback whale","Sjøpattedyr","Feeding area","Cetaceans","Cetaceans","Feeding area","Cetaceans | Feeding area"
"Knølhval","Megaptera novaeangliae","Humpback whale","Sjøpattedyr","Feeding area","Cetaceans","Cetaceans","Feeding area","Cetaceans | Feeding area"
"Narhval","Monodon monoceros","Narwhal","Sjøpattedyr","Living area","Cetaceans","Cetaceans","Living area","Cetaceans | Living area"
"Narhval","Monodon monoceros","Narwhal","Sjøpattedyr","Living area","Cetaceans","Cetaceans","Living area","Cetaceans | Living area"
"Nordlig nebbhval","Hyperoodon ampullatus","Northern bottlenose whale","Sjøpattedyr","Feeding area","Cetaceans","Cetaceans","Feeding area","Cetaceans | Feeding area"
"Øyepål","Trisopterus esmarkii","Norway pout","Fisk","Spawning area","Fish","Fish","Spawning area","Fish | Spawning area"
"Øyepål","Trisopterus esmarkii","Norway pout","Fisk","Spawning area","Fish","Fish","Spawning area","Fish | Spawning area"
"Øyepål","Trisopterus esmarkii","Norway pout","Fisk","Spawning area","Fish","Fish","Spawning area","Fish | Spawning area"
"Sjøfugl - SVO Jan Mayen med Vesterisen","","Seabirds","Sjøfugl","Feeding area","Seabirds","Seabirds","Feeding area","Seabirds | Feeding area"
"Sjøfugl - Ismåke, polarlomvi, alkekonge, teist","","Seabirds","Sjøfugl","Living area","Seabirds","Seabirds","Living area","Seabirds | Living area"
"Tobis","Ammodytes marinus","Lesser sandeel","Fisk","Spawning area","Fish","Fish","Spawning area","Fish | Spawning area"
"Vågehval","Balaenoptera acutorostrata","Minke whale","Sjøpattedyr","Feeding area","Cetaceans","Cetaceans","Feeding area","Cetaceans | Feeding area"
"Storkobbe","Erignathus barbatus","Bearded Seal","Sjøpattedyr","Living area","Pinnipeds","Pinnipeds","Living area","Pinnipeds | Living area"
"Ringsel","Phoca hispida","Ringed seal","Sjøpattedyr","Distribution area","Pinnipeds","Pinnipeds","Distribution area","Pinnipeds | Distribution area"
"Blåkveite","Reinhardtius hippoglossoides","Greenland halibut","Fisk","Spawning area","Fish","Fish","Spawning area","Fish | Spawning area"
"Brugde","Cetorhinus maximus","Basking shark","Fisk","Feeding area","Fish","Fish","Feeding area","Fish | Feeding area"
"Dypvannssjøfjær","Umbellula encrinus","Umbellula stands potential area","Bunnsamfunn","Living area","Benthic_communities","Benthic communities","Living area","Benthic communities | Living area"
"Dypvannssjøfjær","Umbellula encrinus","Umbellula stands potential area","Bunnsamfunn","Living area","Benthic_communities","Benthic communities","Living area","Benthic communities | Living area"
"Dypvannssjøfjær","Umbellula encrinus","Umbellula stands potential area","Bunnsamfunn","Living area","Benthic_communities","Benthic communities","Living area","Benthic communities | Living area"
"Dyreplankton","","zooplankton","Plankton","High production","Zooplankton","Zooplankton","High production","Zooplankton | High production"
"Sjøfugl - Hekkeområde for rødnebbterne, storjo, fjelljo, tyvjo, ismåke, sabinemåke, rosenmåke, polarmåke, polarlomvi, lomvi, alke, alkekonge, lunde, havhest, havsule","","Seabirds","Sjøfugl","Breeding area","Seabirds","Seabirds","Breeding area","Seabirds | Breeding area"
"Sjøfugl - Leveområde","","Seabirds","Sjøfugl","Feeding area","Seabirds","Seabirds","Feeding area","Seabirds | Feeding area"
"Dyreplankton","","","Plankton","Unique area","Zooplankton","Zooplankton","Unique area","Zooplankton | Unique area"
"Dyreplankton","","","Plankton","","Zooplankton","Zooplankton","(no map type)","Zooplankton | (no map type)"
"Egglarvedrift - Sild, Torsk, Hyse, Sei, Vanlig uer, Snabeluer, Lodde","","","Fisk","Drift","Fish_eggs_larvae","Fish eggs larvae","Drift","Fish eggs larvae | Drift"
"Glassvampbestander","","","","Living area","Glass_sponge","Glass sponge","Living area","Glass sponge | Living area"
"Glassvampbestander","","","Bunnsamfunn","Living area","Benthic_communities","Benthic communities","Living area","Benthic communities | Living area"
"Hardbunns-svampsamfunn","","Hard-bottom sponge aggregation potential area","Bunnsamfunn","Living area","Benthic_communities","Benthic communities","Living area","Benthic communities | Living area"
"Hardbunns-svampsamfunn","","Hard-bottom sponge aggregation potential area","Bunnsamfunn","Living area","Benthic_communities","Benthic communities","Living area","Benthic communities | Living area"
"Hardbunns-svampsamfunn","","Hard-bottom sponge aggregation potential area","Bunnsamfunn","Living area","Benthic_communities","Benthic communities","Living area","Benthic communities | Living area"
"Hardbunnskorallskog","","Hard-bottom coral garden potential area","Bunnsamfunn","Living area","Benthic_communities","Benthic communities","Living area","Benthic communities | Living area"
"Hardbunnskorallskog","","Hard-bottom coral garden potential area","Bunnsamfunn","Living area","Benthic_communities","Benthic communities","Living area","Benthic communities | Living area"
"Hvithval","Delphinapterus leucas","Beluga Whale","Sjøpattedyr","Living area","Cetaceans","Cetaceans","Living area","Cetaceans | Living area"
"Hyse","Melanogrammus aeglefinus","Haddock","Fisk","Spawning area","Fish","Fish","Spawning area","Fish | Spawning area"
"Hyse","Melanogrammus aeglefinus","Haddock","Fisk","Spawning area","Fish","Fish","Spawning area","Fish | Spawning area"
"Hyse","Melanogrammus aeglefinus","Haddock","Fisk","Spawning area","Fish","Fish","Spawning area","Fish | Spawning area"
"Lodde","Mallotus villosus","Capelin","Fisk","Spawning area","Fish","Fish","Spawning area","Fish | Spawning area"
"Lodde","Mallotus villosus","Capelin","Fisk","Spawning area","Fish","Fish","Spawning area","Fish | Spawning area"
"NVG_Sild","Clupea harengus L.","Herring","Fisk","Spawning area","Fish","Fish","Spawning area","Fish | Spawning area"
"NVG_Sild","Clupea harengus L.","Herring","Fisk","Spawning area","Fish","Fish","Spawning area","Fish | Spawning area"
"NVG_Sild","Clupea harengus L.","Herring","Fisk","Spawning area","Fish","Fish","Spawning area","Fish | Spawning area"
"NVG_Sild","Clupea harengus L.","Herring","Fisk","Spawning area","Fish","Fish","Spawning area","Fish | Spawning area"
"Planteplankton","","","Plankton","High production","Phytoplankton","Phytoplankton","High production","Phytoplankton | High production"
"Sjøfugl - Ærfugl, praktærfugl, stellerand, makrellterne, rødnebbterne, storjo, fjelljo, tyvjo, gråmåke, svartbak, sildemåke, fiskemåke, polarlomvi, lomvi, alke, lunde, havsule","","Seabirds","Sjøfugl","Breeding area","Seabirds","Seabirds","Breeding area","Seabirds | Breeding area"
"Sjøfugl - SVO Lofoten til Tromsøflaket","","Seabirds","Sjøfugl","Feeding area","Seabirds","Seabirds","Feeding area","Seabirds | Feeding area"
"Sjøfjærbunn","","","Bunnsamfunn","Living area","Benthic_communities","Benthic communities","Living area","Benthic communities | Living area"
"Snabeluer","Sebastes mentella","Deepwater redfish","Fisk","Spawning area","Fish","Fish","Spawning area","Fish | Spawning area"
"Snabeluer","Sebastes mentella","Deepwater redfish","Fisk","Spawning area","Fish","Fish","Spawning area","Fish | Spawning area"
"Snabeluer","Sebastes mentella","Deepwater redfish","Fisk","Spawning area","Fish","Fish","Spawning area","Fish | Spawning area"
"Spermhval","Physeter macrocephalus","Sperm whale","Sjøpattedyr","Feeding area","Cetaceans","Cetaceans","Feeding area","Cetaceans | Feeding area"
"Svampspikelbunn","","Sponge-speticulae bed","Bunnsamfunn","Living area","Benthic_communities","Benthic communities","Living area","Benthic communities | Living area"
"Svampspikelbunn","","Sponge-speticulae bed","Bunnsamfunn","Living area","Benthic_communities","Benthic communities","Living area","Benthic communities | Living area"
"Svampspikelbunn","","Sponge-speticulae bed","Bunnsamfunn","Living area","Benthic_communities","Benthic communities","Living area","Benthic communities | Living area"
"Torsk","Gadus morhua","Atlantic cod","Fisk","Spawning area","Fish","Fish","Spawning area","Fish | Spawning area"
"Torsk","Gadus morhua","Atlantic cod","Fisk","Spawning area","Fish","Fish","Spawning area","Fish | Spawning area"
"Torsk","Gadus morhua","Atlantic cod","Fisk","Spawning area","Fish","Fish","Spawning area","Fish | Spawning area"
"Torsk","Gadus morhua","Atlantic cod","Fisk","Spawning area","Fish","Fish","Spawning area","Fish | Spawning area"
"Vanlig uer","Sebastes norvegicus","Golden redfish","Fisk","Spawning area","Fish","Fish","Spawning area","Fish | Spawning area"
"Vanlig uer","Sebastes norvegicus","Golden redfish","Fisk","Spawning area","Fish","Fish","Spawning area","Fish | Spawning area"
"Vanlig uer","Sebastes norvegicus","Golden redfish","Fisk","Spawning area","Fish","Fish","Spawning area","Fish | Spawning area"
"Vanlig uer","Sebastes norvegicus","Golden redfish","Fisk","Spawning area","Fish","Fish","Spawning area","Fish | Spawning area"
"Vanlig uer","Sebastes norvegicus","Golden redfish","Fisk","Spawning area","Fish","Fish","Spawning area","Fish | Spawning area"
"Hvalross","Odobenus rosmarus","Walrus","Sjøpattedyr","Distribution area","Pinnipeds","Pinnipeds","Distribution area","Pinnipeds | Distribution area"
"Polartorsk","Boreogadus saida","Polar cod","Fisk","Spawning area","Fish","Fish","Spawning area","Fish | Spawning area"
"Blåkveite","Reinhardtius hippoglossoides","Greenland halibut","Fisk","Spawning area","Fish","Fish","Spawning area","Fish | Spawning area"
"Steinkobbe","Phoca vitulina","Harbour seal, common seal","Sjøpattedyr","Feeding area","Pinnipeds","Pinnipeds","Feeding area","Pinnipeds | Feeding area"
"Steinkobbe","Phoca vitulina","Harbour seal, common seal","Sjøpattedyr","","Pinnipeds","Pinnipeds","(no map type)","Pinnipeds | (no map type)"
"Steinkobbe","Phoca vitulina","Harbour seal, common seal","Sjøpattedyr","","Pinnipeds","Pinnipeds","(no map type)","Pinnipeds | (no map type)"
"Steinkobbe","Phoca vitulina","Harbour seal, common seal","Sjøpattedyr","Feeding area","Pinnipeds","Pinnipeds","Feeding area","Pinnipeds | Feeding area"
"Steinkobbe","Phoca vitulina","Harbour seal, common seal","Sjøpattedyr","Feeding area","Pinnipeds","Pinnipeds","Feeding area","Pinnipeds | Feeding area"
"Steinkobbe","Phoca vitulina","Harbour seal, common seal","Sjøpattedyr","","Pinnipeds","Pinnipeds","(no map type)","Pinnipeds | (no map type)"
"Steinkobbe","Phoca vitulina","Harbour seal, common seal","Sjøpattedyr","","Pinnipeds","Pinnipeds","(no map type)","Pinnipeds | (no map type)"
"Steinkobbe","Phoca vitulina","Harbour seal, common seal","Sjøpattedyr","Feeding area","Pinnipeds","Pinnipeds","Feeding area","Pinnipeds | Feeding area"
"Steinkobbe","Phoca vitulina","Harbour seal, common seal","Sjøpattedyr","Feeding area","Pinnipeds","Pinnipeds","Feeding area","Pinnipeds | Feeding area"
"Spekkhogger","Orcinus orca","killer whale","Sjøpattedyr","Feeding area","Cetaceans","Cetaceans","Feeding area","Cetaceans | Feeding area"
"Spekkhogger","Orcinus orca","killer whale","Sjøpattedyr","Feeding area","Cetaceans","Cetaceans","Feeding area","Cetaceans | Feeding area"
